Cabinet_Name,Cabinet_Category,Cabinet_Sub_Type,SKU,Stock_Price,Doors,Drawers,Shelves,Width,Height,Depth,Phase,Run,Catalog_Page
,Base Cabinet,,B9,417,1,1,1,9,34.5,24,1,1,I2
,Base Cabinet,,B30,719,2,1,1,30,34.5,24,1,1,I2
,Base Cabinet,,B27-1DR,656,1,1,0,27,34.5,24,1,1,I2
,Base Cabinet,,B12,447,1,1,1,12,34.5,24,1,1,I2
,Base Cabinet,,B33,754,2,1,1,33,34.5,24,1,1,I2
,Base Cabinet,,B30-1DR,691,1,1,0,30,34.5,24,1,1,I2
,Base Cabinet,,B15,476,1,1,1,15,34.5,24,1,1,I2
,Base Cabinet,,B36,784,2,1,1,36,34.5,24,1,1,I2
,Base Cabinet,,B33-1DR,726,1,1,0,33,34.5,24,1,1,I2
,Base Cabinet,,B18,487,1,1,1,18,34.5,24,1,1,I2
,Base Cabinet,,B39,819,2,1,1,39,34.5,24,1,1,I2
,Base Cabinet,,B36-1DR,754,1,1,0,36,34.5,24,1,1,I2
,Base Cabinet,,B21,522,1,1,1,21,34.5,24,1,1,I2
,Base Cabinet,,B42,854,2,1,1,42,34.5,24,1,1,I2
,Base Cabinet,,B39-1DR,879,1,1,0,39,34.5,24,1,1,I2
,Base Cabinet,,B24,541,1,1,1,24,34.5,24,1,1,I2
,Base Cabinet,,B45,882,2,1,1,45,34.5,24,1,1,I2
,Base Cabinet,,B42-1DR,914,1,1,0,42,34.5,24,1,1,I2
,Base Cabinet,,B24-2D,738,2,1,1,24,34.5,24,1,1,I2
,Base Cabinet,,B48,893,2,1,1,48,34.5,24,1,1,I2
,Base Cabinet,,B27,685,2,1,1,27,34.5,24,1,1,I2
,Base Cabinet,,SB18,476,1,1,1,18,34.5,24,1,1,I2
,Base Cabinet,,SB33,680,2,1,1,33,34.5,24,1,1,I2
,Base Cabinet,,SB27-1DR,633,1,1,0,27,34.5,24,1,1,I2
,Base Cabinet,,SB21,493,1,1,1,21,34.5,24,1,1,I2
,Base Cabinet,,SB36,761,2,1,1,36,34.5,24,1,1,I2
,Base Cabinet,,SB30-1DR,650,1,1,0,30,34.5,24,1,1,I2
,Base Cabinet,,SB24,506,1,1,1,24,34.5,24,1,1,I2
,Base Cabinet,,SB39,800,2,1,1,39,34.5,24,1,1,I2
,Base Cabinet,,SB33-1DR,680,1,1,0,33,34.5,24,1,1,I2
,Base Cabinet,,SB24-2D,693,2,1,1,24,34.5,24,1,1,I2
,Base Cabinet,,SB42,843,2,1,1,42,34.5,24,1,1,I2
,Base Cabinet,,SB36-1DR,761,1,1,0,36,34.5,24,1,1,I2
,Base Cabinet,,SB27,633,2,1,1,27,34.5,24,1,1,I2
,Base Cabinet,,SB45,871,2,1,1,45,34.5,24,1,1,I2
,Base Cabinet,,SB39-1DR,800,1,1,0,39,34.5,24,1,1,I2
,Base Cabinet,,SB30,650,2,1,1,30,34.5,24,1,1,I2
,Base Cabinet,,SB48,882,2,1,1,48,34.5,24,1,1,I2
,Base Cabinet,,SB42-1DR,843,1,1,0,42,34.5,24,1,1,I2
,Base Cabinet,,SB45-1DR,871,1,1,0,45,34.5,24,1,1,I2
,Base Cabinet,,SB48-1DR,882,1,1,0,48,34.5,24,1,1,I2
,Base Cabinet,,SBU33,1699,2,1,1,33,34.5,24,1,1,I4
,Base Cabinet,,SBU36,1807,2,1,1,36,34.5,24,1,1,I4
,Base Cabinet,,SBU39,1846,2,1,1,39,34.5,24,1,1,I4
,Base Cabinet,,SBU33-1DR,1699,1,1,0,33,34.5,24,1,1,I4
,Base Cabinet,,SBU36-1DR,1807,1,1,0,36,34.5,24,1,1,I4
,Base Cabinet,,SBU39-1DR,1846,1,1,0,39,34.5,24,1,1,I4
,Base Cabinet,,SBR24,541,1,1,1,24,34.5,24,1,1,I4
,Base Cabinet,,SBR36,784,2,1,1,36,34.5,24,1,1,I4
,Base Cabinet,,SBR27-1DR,656,1,1,0,27,34.5,24,1,1,I4
,Base Cabinet,,SBR24-2D,738,2,1,1,24,34.5,24,1,1,I4
,Base Cabinet,,SBR39,819,2,1,1,39,34.5,24,1,1,I4
,Base Cabinet,,SBR30-1DR,691,1,1,0,30,34.5,24,1,1,I4
,Base Cabinet,,SBR27,685,2,1,1,27,34.5,24,1,1,I4
,Base Cabinet,,SBR42,854,2,1,1,42,34.5,24,1,1,I4
,Base Cabinet,,SBR33-1DR,726,1,1,0,33,34.5,24,1,1,I4
,Base Cabinet,,SBR30,719,2,1,1,30,34.5,24,1,1,I4
,Base Cabinet,,SBR45,882,2,1,1,45,34.5,24,1,1,I4
,Base Cabinet,,SBR36-1DR,754,1,1,0,36,34.5,24,1,1,I4
,Base Cabinet,,SBR33,754,2,1,1,33,34.5,24,1,1,I4
,Base Cabinet,,SBR48,893,2,1,1,48,34.5,24,1,1,I4
,Base Cabinet,,SBR39-1DR,879,1,1,0,39,34.5,24,1,1,I4
,Base Cabinet,,SBR42-1DR,914,1,1,0,42,34.5,24,1,1,I4
,Base Cabinet,,SBA30,839,1,0,0,30,34.5,24,1,1,I6
,Base Cabinet,,SBA33,869,1,0,0,33,34.5,24,1,1,I6
,Base Cabinet,,SBA36,950,1,0,0,36,34.5,24,1,1,I6
,Base Cabinet,,SBA39,989,1,0,0,39,34.5,24,1,1,I6
,Base Cabinet,,SBA42,1032,1,0,0,42,34.5,24,1,1,I6
,Base Cabinet,,SB18-RT,694,1,1,0,18,34.5,24,1,1,I6
,Base Cabinet,,SB30-RT,868,2,1,0,30,34.5,24,1,1,I6
,Base Cabinet,,SB27-RT-1DR,851,1,1,0,27,34.5,24,1,1,I6
,Base Cabinet,,SB21-RT,711,1,1,0,21,34.5,24,1,1,I6
,Base Cabinet,,SB33-RT,898,2,1,0,33,34.5,24,1,1,I6
,Base Cabinet,,SB30-RT-1DR,868,1,1,0,30,34.5,24,1,1,I6
,Base Cabinet,,SB24-RT,724,1,1,0,24,34.5,24,1,1,I6
,Base Cabinet,,SB36-RT,979,2,1,0,36,34.5,24,1,1,I6
,Base Cabinet,,SB33-RT-1DR,898,1,1,0,33,34.5,24,1,1,I6
,Base Cabinet,,SB24-RT-2D,911,2,1,1,24,34.5,24,1,1,I6
,Base Cabinet,,SB39-RT,1018,2,1,0,39,34.5,24,1,1,I6
,Base Cabinet,,SB36-RT-1DR,979,1,1,0,36,34.5,24,1,1,I6
,Base Cabinet,,SB27-RT,851,2,1,0,27,34.5,24,1,1,I6
,Base Cabinet,,SB42-RT,1061,2,1,0,42,34.5,24,1,1,I6
,Base Cabinet,,SB39-RT-1DR,1018,1,1,0,39,34.5,24,1,1,I6
,Base Cabinet,,SB42-RT-1DR,1061,1,1,0,42,34.5,24,1,1,I6
,Base Cabinet,,B9-FHD,417,1,0,1,9,34.5,24,1,1,I8
,Base Cabinet,,B12-FHD,447,1,0,1,12,34.5,24,1,1,I8
,Base Cabinet,,B15-FHD,476,1,0,1,15,34.5,24,1,1,I8
,Base Cabinet,,B18-FHD,487,1,0,1,18,34.5,24,1,1,I8
,Base Cabinet,,B21-FHD,522,1,0,1,21,34.5,24,1,1,I8
,Base Cabinet,,B24-FHD,541,1,0,1,24,34.5,24,1,1,I8
,Base Cabinet,,B24-FHD-2D,738,2,0,1,24,34.5,24,1,1,I8
,Base Cabinet,,B27-FHD,685,1,0,1,27,34.5,24,1,1,I8
,Base Cabinet,,B30-FHD,719,1,0,1,30,34.5,24,1,1,I8
,Base Cabinet,,B33-FHD,754,1,0,1,33,34.5,24,1,1,I8
,Base Cabinet,,B36-FHD,784,1,0,1,36,34.5,24,1,1,I8
,Base Cabinet,,B39-FHD,819,1,0,1,39,34.5,24,1,1,I8
,Base Cabinet,,B42-FHD,854,1,0,1,42,34.5,24,1,1,I8
,Base Cabinet,,B45-FHD,882,1,0,1,45,34.5,24,1,1,I8
,Base Cabinet,,B48-FHD,893,1,0,1,48,34.5,24,1,1,I8
,Base Cabinet,,TB9,417,1,1,1,9,34.5,24,1,1,I8
,Base Cabinet,,TB12,447,1,1,1,12,34.5,24,1,1,I8
,Base Cabinet,,TB15,638,1,1,1,15,34.5,24,1,1,I8
,Base Cabinet,,TB18,650,1,1,1,18,34.5,24,1,1,I8
,Base Cabinet,,TB21,685,1,1,1,21,34.5,24,1,1,I8
,Base Cabinet,,TB24,703,1,1,1,24,34.5,24,1,1,I8
,Base Cabinet,,B12-RT,883,1,1,0,12,34.5,24,1,1,I10
,Base Cabinet,,B27-RT-1DR,1092,1,1,0,27,34.5,24,1,1,I10
,Base Cabinet,,B15-RT,912,1,1,0,15,34.5,24,1,1,I10
,Base Cabinet,,B30-RT-1DR,1127,1,1,0,30,34.5,24,1,1,I10
,Base Cabinet,,B18-RT,923,1,1,0,18,34.5,24,1,1,I10
,Base Cabinet,,B33-RT-1DR,1162,1,1,0,33,34.5,24,1,1,I10
,Base Cabinet,,B21-RT,958,1,1,0,21,34.5,24,1,1,I10
,Base Cabinet,,B36-RT-1DR,1190,1,1,0,36,34.5,24,1,1,I10
,Base Cabinet,,B24-RT,977,1,1,0,24,34.5,24,1,1,I10
,Base Cabinet,,B39-RT-1DR,1315,1,1,0,39,34.5,24,1,1,I10
,Base Cabinet,,B24-RT-2D,1175,2,1,1,24,34.5,24,1,1,I10
,Base Cabinet,,B42-RT-1DR,1350,1,1,0,42,34.5,24,1,1,I10
,Base Cabinet,,B27-RT,1121,2,1,0,27,34.5,24,1,1,I10
,Base Cabinet,,B30-RT,1155,2,1,0,30,34.5,24,1,1,I10
,Base Cabinet,,B33-RT,1190,2,1,0,33,34.5,24,1,1,I10
,Base Cabinet,,B36-RT,1220,2,1,0,36,34.5,24,1,1,I10
,Base Cabinet,,B39-RT,1255,2,1,0,39,34.5,24,1,1,I10
,Base Cabinet,,B42-RT,1290,2,1,0,42,34.5,24,1,1,I10
,Base Cabinet,,PB9,738,1,1,1,9,34.5,24,1,1,I10
,Base Cabinet,,PB27-1DR,1178,1,1,0,27,34.5,24,1,1,I10
,Base Cabinet,,PB12,784,1,1,1,12,34.5,24,1,1,I10
,Base Cabinet,,PB30-1DR,1237,1,1,0,30,34.5,24,1,1,I10
,Base Cabinet,,PB15,836,1,1,1,15,34.5,24,1,1,I10
,Base Cabinet,,PB33-1DR,1301,1,1,0,33,34.5,24,1,1,I10
,Base Cabinet,,PB18,859,1,1,1,18,34.5,24,1,1,I10
,Base Cabinet,,PB36-1DR,1347,1,1,0,36,34.5,24,1,1,I10
,Base Cabinet,,PB21,917,1,1,1,21,34.5,24,1,1,I10
,Base Cabinet,,PB39-1DR,1499,1,1,0,39,34.5,24,1,1,I10
,Base Cabinet,,PB24,947,1,1,1,24,34.5,24,1,1,I10
,Base Cabinet,,PB42-1DR,1557,1,1,0,42,34.5,24,1,1,I10
,Base Cabinet,,PB24-2D,1325,2,1,1,24,34.5,24,1,1,I10
,Base Cabinet,,PB27,1206,2,1,1,27,34.5,24,1,1,I10
,Base Cabinet,,PB30,1265,2,1,1,30,34.5,24,1,1,I10
,Base Cabinet,,PB33,1330,2,1,1,33,34.5,24,1,1,I10
,Base Cabinet,,PB36,1376,2,1,1,36,34.5,24,1,1,I10
,Base Cabinet,,PB39,1439,2,1,1,39,34.5,24,1,1,I10
,Base Cabinet,,PB42,1497,2,1,1,42,34.5,24,1,1,I10
,Base Cabinet,,PB45,1550,2,1,1,45,34.5,24,1,1,I10
,Base Cabinet,,PB48,1573,2,1,1,48,34.5,24,1,1,I10
,Base Cabinet,,PB9-FHD,738,1,0,1,9,34.5,24,1,1,I12
,Base Cabinet,,PB12-FHD,784,1,0,1,12,34.5,24,1,1,I12
,Base Cabinet,,PB15-FHD,836,1,0,1,15,34.5,24,1,1,I12
,Base Cabinet,,PB18-FHD,859,1,0,1,18,34.5,24,1,1,I12
,Base Cabinet,,PB21-FHD,917,1,0,1,21,34.5,24,1,1,I12
,Base Cabinet,,PB24-FHD,947,1,0,1,24,34.5,24,1,1,I12
,Base Cabinet,,PB24-FHD-2D,1325,2,0,1,24,34.5,24,1,1,I12
,Base Cabinet,,PB27-FHD,1206,1,0,1,27,34.5,24,1,1,I12
,Base Cabinet,,PB30-FHD,1265,1,0,1,30,34.5,24,1,1,I12
,Base Cabinet,,PB33-FHD,1330,1,0,1,33,34.5,24,1,1,I12
,Base Cabinet,,PB36-FHD,1376,1,0,1,36,34.5,24,1,1,I12
,Base Cabinet,,PB39-FHD,1439,1,0,1,39,34.5,24,1,1,I12
,Base Cabinet,,PB42-FHD,1497,1,0,1,42,34.5,24,1,1,I12
,Base Cabinet,,PB45-FHD,1550,1,0,1,45,34.5,24,1,1,I12
,Base Cabinet,,PB48-FHD,1573,1,0,1,48,34.5,24,1,1,I12
,Base Cabinet,,BBC36,593,1,0,1,36,34.5,24,1,1,I12
,Base Cabinet,,BBC39,621,1,0,1,39,34.5,24,1,1,I12
,Base Cabinet,,BBC42,680,1,0,1,42,34.5,24,1,1,I12
,Base Cabinet,,BBC45,708,1,0,1,45,34.5,24,1,1,I12
,Base Cabinet,,BBC48,738,1,0,1,48,34.5,24,1,1,I12
,Base Cabinet,,PBBC36,1052,1,0,1,36,34.5,24,1,1,I14
,Base Cabinet,,PBBC39,1102,1,0,1,39,34.5,24,1,1,I14
,Base Cabinet,,PBBC42,1202,1,0,1,42,34.5,24,1,1,I14
,Base Cabinet,,PBBC45,1254,1,0,1,45,34.5,24,1,1,I14
,Base Cabinet,,PBBC48,1306,1,0,1,48,34.5,24,1,1,I14
,Base Cabinet,,SBBC54,998,1,0,1,54,34.5,24,1,1,I14
,Base Cabinet,,SBBC57,1028,1,0,1,57,34.5,24,1,1,I14
,Base Cabinet,,SBBC60,1110,1,0,1,60,34.5,24,1,1,I14
,Base Cabinet,,BBC42-S,1411,1,0,1,42,34.5,24,1,1,I16
,Base Cabinet,,BBC45-S,1439,1,0,1,45,34.5,24,1,1,I16
,Base Cabinet,,BBC48-S,1469,1,0,1,48,34.5,24,1,1,I16
,Base Cabinet,,BBC45-WS,2189,1,0,1,45,34.5,24,1,1,I16
,Base Cabinet,,BBC48-WS,2219,1,0,1,48,34.5,24,1,1,I16
,Base Cabinet,,BBC51-WS,2248,1,0,1,51,34.5,24,1,1,I16
,Base Cabinet,,BDB27,1085,2,2,0,27,34.5,24,1,1,I18
,Base Cabinet,,BDB30,1120,2,2,0,30,34.5,24,1,1,I18
,Base Cabinet,,BDB33,1154,2,2,0,33,34.5,24,1,1,I18
,Base Cabinet,,BDB36,1184,2,2,0,36,34.5,24,1,1,I18
,Base Cabinet,,BDB39,1219,2,2,0,39,34.5,24,1,1,I18
,Base Cabinet,,BDB42,1254,2,2,0,42,34.5,24,1,1,I18
,Base Cabinet,,BDB45,1282,2,2,0,45,34.5,24,1,1,I18
,Base Cabinet,,BDB48,1293,2,2,0,48,34.5,24,1,1,I18
,Base Cabinet,,BDBD27,1539,2,3,0,27,34.5,24,1,1,I18
,Base Cabinet,,BDBD30,1585,2,3,0,30,34.5,24,1,1,I18
,Base Cabinet,,BDBD33,1631,2,3,0,33,34.5,24,1,1,I18
,Base Cabinet,,BDBD36,1673,2,3,0,36,34.5,24,1,1,I18
,Base Cabinet,,BDBD39,1719,2,3,0,39,34.5,24,1,1,I18
,Base Cabinet,,BDBD42,1765,2,3,0,42,34.5,24,1,1,I18
,Base Cabinet,,BBB12,775,1,1,1,12,34.5,24,1,1,I20
,Base Cabinet,,BBB15,803,1,1,1,15,34.5,24,1,1,I20
,Base Cabinet,,BBB18,814,1,1,1,18,34.5,24,1,1,I20
,Base Cabinet,,BBB21,849,1,1,1,21,34.5,24,1,1,I20
,Base Cabinet,,BBB24,868,1,1,1,24,34.5,24,1,1,I20
,Base Cabinet,,B12-2HD,811,0,2,0,12,34.5,24,1,1,I20
,Base Cabinet,,B15-2HD,829,0,2,0,15,34.5,24,1,1,I20
,Base Cabinet,,B18-2HD,870,0,2,0,18,34.5,24,1,1,I20
,Base Cabinet,,B21-2HD,911,0,2,0,21,34.5,24,1,1,I20
,Base Cabinet,,B24-2HD,946,0,2,0,24,34.5,24,1,1,I20
,Base Cabinet,,B27-2HD,985,0,2,0,27,34.5,24,1,1,I20
,Base Cabinet,,B30-2HD,1026,0,2,0,30,34.5,24,1,1,I20
,Base Cabinet,,B33-2HD,1121,0,2,0,33,34.5,24,1,1,I20
,Base Cabinet,,B36-2HD,1216,0,2,0,36,34.5,24,1,1,I20
,Base Cabinet,,B39-2HD,1431,0,2,0,39,34.5,24,1,1,I20
,Base Cabinet,,B42-2HD,1526,0,2,0,42,34.5,24,1,1,I20
,Base Cabinet,,B12-3,511,0,3,0,12,34.5,24,1,1,I22
,Base Cabinet,,B15-3,530,0,3,0,15,34.5,24,1,1,I22
,Base Cabinet,,B18-3,569,0,3,0,18,34.5,24,1,1,I22
,Base Cabinet,,B21-3,610,0,3,0,21,34.5,24,1,1,I22
,Base Cabinet,,B24-3,645,0,3,0,24,34.5,24,1,1,I22
,Base Cabinet,,B27-3,686,0,3,0,27,34.5,24,1,1,I22
,Base Cabinet,,B30-3,727,0,3,0,30,34.5,24,1,1,I22
,Base Cabinet,,B33-3,822,0,3,0,33,34.5,24,1,1,I22
,Base Cabinet,,B36-3,917,0,3,0,36,34.5,24,1,1,I22
,Base Cabinet,,B39-3,1192,0,3,0,39,34.5,24,1,1,I22
,Base Cabinet,,B42-3,1287,0,3,0,42,34.5,24,1,1,I22
,Base Cabinet,,B12-2TD,1247,0,2,0,12,34.5,24,1,1,I22
,Base Cabinet,,B15-2TD,1265,0,2,0,15,34.5,24,1,1,I22
,Base Cabinet,,B18-2TD,1306,0,2,0,18,34.5,24,1,1,I22
,Base Cabinet,,B21-2TD,1347,0,2,0,21,34.5,24,1,1,I22
,Base Cabinet,,B24-2TD,1382,0,2,0,24,34.5,24,1,1,I22
,Base Cabinet,,B27-2TD,1421,0,2,0,27,34.5,24,1,1,I22
,Base Cabinet,,B30-2TD,1462,0,2,0,30,34.5,24,1,1,I22
,Base Cabinet,,B33-2TD,1557,0,2,0,33,34.5,24,1,1,I22
,Base Cabinet,,B36-2TD,1652,0,2,0,36,34.5,24,1,1,I22
,Base Cabinet,,B39-2TD,1867,0,2,0,39,34.5,24,1,1,I22
,Base Cabinet,,B42-2TD,1962,0,2,0,42,34.5,24,1,1,I22
,Base Cabinet,,B12-4,523,0,4,0,12,34.5,24,1,1,I24
,Base Cabinet,,B15-4,541,0,4,0,15,34.5,24,1,1,I24
,Base Cabinet,,B18-4,582,0,4,0,18,34.5,24,1,1,I24
,Base Cabinet,,B21-4,623,0,4,0,21,34.5,24,1,1,I24
,Base Cabinet,,B24-4,658,0,4,0,24,34.5,24,1,1,I24
,Base Cabinet,,B27-4,697,0,4,0,27,34.5,24,1,1,I24
,Base Cabinet,,B30-4,738,0,4,0,30,34.5,24,1,1,I24
,Base Cabinet,,B33-4,833,0,4,0,33,34.5,24,1,1,I24
,Base Cabinet,,B36-4,928,0,4,0,36,34.5,24,1,1,I24
,Base Cabinet,,B39-4,1263,0,4,0,39,34.5,24,1,1,I24
,Base Cabinet,,B42-4,1358,0,4,0,42,34.5,24,1,1,I24
,Base Cabinet,,STB30-4,848,0,4,0,30,34.5,24,1,1,I24
,Base Cabinet,,STB33-4,943,0,4,0,33,34.5,24,1,1,I24
,Base Cabinet,,STB36-4,1038,0,4,0,36,34.5,24,1,1,I24
,Base Cabinet,,STB39-4,1373,0,4,0,39,34.5,24,1,1,I24
,Base Cabinet,,STB42-4,1468,0,4,0,42,34.5,24,1,1,I24
,Base Cabinet,,STB45-4,1563,0,4,0,45,34.5,24,1,1,I24
,Base Cabinet,,STB48-4,1658,0,4,0,48,34.5,24,1,1,I24
,Base Cabinet,,BL2HD36,2432,0,2,0,36,34.5,24,1,1,I26
,Base Cabinet,,BL2HD39,2862,0,2,0,39,34.5,24,1,1,I26
,Base Cabinet,,BL2HD42,3052,0,2,0,42,34.5,24,1,1,I26
,Base Cabinet,,BL3D36,1834,0,3,0,36,34.5,24,1,1,I26
,Base Cabinet,,BL3D39,2384,0,3,0,39,34.5,24,1,1,I26
,Base Cabinet,,BL3D42,2574,0,3,0,42,34.5,24,1,1,I26
,Base Cabinet,,BL4D36,1856,0,4,0,36,34.5,24,1,1,I28
,Base Cabinet,,BL4D39,2526,0,4,0,39,34.5,24,1,1,I28
,Base Cabinet,,BL4D42,2716,0,4,0,42,34.5,24,1,1,I28
,Base Cabinet,,BBD12-3,743,0,3,0,12,34.5,24,1,1,I28
,Base Cabinet,,BBD15-3,762,0,3,0,15,34.5,24,1,1,I28
,Base Cabinet,,BBD18-3,802,0,3,0,18,34.5,24,1,1,I28
,Base Cabinet,,BBD21-3,843,0,3,0,21,34.5,24,1,1,I28
,Base Cabinet,,BBD24-3,909,0,3,0,24,34.5,24,1,1,I28
,Base Cabinet,,BBD12-4,756,0,4,0,12,34.5,24,1,1,I30
,Base Cabinet,,BBD15-4,773,0,4,0,15,34.5,24,1,1,I30
,Base Cabinet,,BBD18-4,814,0,4,0,18,34.5,24,1,1,I30
,Base Cabinet,,BBD21-4,855,0,4,0,21,34.5,24,1,1,I30
,Base Cabinet,,BBD24-4,922,0,4,0,24,34.5,24,1,1,I30
,Base Cabinet,,BBB12-3,838,0,3,0,12,34.5,24,1,1,I30
,Base Cabinet,,BBB15-3,857,0,3,0,15,34.5,24,1,1,I30
,Base Cabinet,,BBB18-3,897,0,3,0,18,34.5,24,1,1,I30
,Base Cabinet,,BBB21-3,938,0,3,0,21,34.5,24,1,1,I30
,Base Cabinet,,BBB24-3,972,0,3,0,24,34.5,24,1,1,I30
,Base Cabinet,,BBB12-4,851,0,4,0,12,34.5,24,1,1,I32
,Base Cabinet,,BBB15-4,868,0,4,0,15,34.5,24,1,1,I32
,Base Cabinet,,BBB18-4,909,0,4,0,18,34.5,24,1,1,I32
,Base Cabinet,,BBB21-4,950,0,4,0,21,34.5,24,1,1,I32
,Base Cabinet,,BBB24-4,1017,0,4,0,24,34.5,24,1,1,I32
,Base Cabinet,,BBBD12-3,1071,0,3,0,12,34.5,24,1,1,I32
,Base Cabinet,,BBBD15-3,1089,0,3,0,15,34.5,24,1,1,I32
,Base Cabinet,,BBBD18-3,1129,0,3,0,18,34.5,24,1,1,I32
,Base Cabinet,,BBBD21-3,1170,0,3,0,21,34.5,24,1,1,I32
,Base Cabinet,,BBBD24-3,1237,0,3,0,24,34.5,24,1,1,I32
,Base Cabinet,,BBBD12-4,1083,0,4,0,12,34.5,24,1,1,I34
,Base Cabinet,,BBBD15-4,1101,0,4,0,15,34.5,24,1,1,I34
,Base Cabinet,,BBBD18-4,1142,0,4,0,18,34.5,24,1,1,I34
,Base Cabinet,,BBBD21-4,1183,0,4,0,21,34.5,24,1,1,I34
,Base Cabinet,,BBBD24-4,1249,0,4,0,24,34.5,24,1,1,I34
,Base Cabinet,,BLS36,1069,2,0,2,36,34.5,24,1,1,I34
,Base Cabinet,,BLSS36,1534,2,0,2,36,34.5,24,1,1,I36
,Base Cabinet,,BL33-PH,1388,2,0,1,33,34.5,24,1,1,I36
,Base Cabinet,,BL36-PH,1417,2,0,1,36,34.5,24,1,1,I36
,Base Cabinet,,BLSB33-PH,1272,2,0,0,33,34.5,24,1,1,I36
,Base Cabinet,,BLSB36-PH,1301,2,0,0,36,34.5,24,1,1,I36
,Base Cabinet,,BL33-SS-PH,2017,2,0,2,33,34.5,24,1,1,I40
,Base Cabinet,,BL36-SS-PH,2046,2,0,2,36,34.5,24,1,1,I40
,Base Cabinet,,DSB36,1063,1,0,0,36,34.5,24,1,1,I40
,Base Cabinet,,DSB39,1137,1,0,0,39,34.5,24,1,1,I40
,Base Cabinet,,DSB42,1197,1,0,0,42,34.5,24,1,1,I40
,Base Cabinet,,DSB42-2D,1394,2,1,1,42,34.5,24,1,1,I40
,Base Cabinet,,DSB36-LS,1551,1,0,0,36,34.5,24,1,1,I40
,Base Cabinet,,DSF36,495,0,0,0,36,34.5,24,1,1,I40
,Base Cabinet,,DSF39,511,0,0,0,39,34.5,24,1,1,I40
,Base Cabinet,,DSF42,534,0,0,0,42,34.5,24,1,1,I40
,Base Cabinet,,DSB36-SS,1560,1,0,0,36,34.5,24,1,1,I42
,Base Cabinet,,DSB39-SS,1634,1,0,0,39,34.5,24,1,1,I42
,Base Cabinet,,DSB42-SS,1694,1,0,0,42,34.5,24,1,1,I42
,Base Cabinet,,BL36-CP-PH,3265,2,0,1,36,34.5,24,1,1,I42
,Base Cabinet,,BL36-RC,2051,2,0,0,36,34.5,24,1,1,I44
,Base Cabinet,,BWDMB15,881,0,1,0,15,34.5,24,1,1,I44
,Base Cabinet,,BWDMB18,916,0,1,0,18,34.5,24,1,1,I44
,Base Cabinet,,BWDMB21,1045,0,1,0,21,34.5,24,1,1,I44
,Base Cabinet,,BWDMB15-FHD,881,1,0,1,15,34.5,24,1,1,I44
,Base Cabinet,,BWDMB18-FHD,916,1,0,1,18,34.5,24,1,1,I44
,Base Cabinet,,BWDMB21-FHD,1045,1,0,1,21,34.5,24,1,1,I44
,Base Cabinet,,BWDMA15,1141,0,1,0,15,34.5,24,1,1,I46
,Base Cabinet,,BWDMA18,1176,0,1,0,18,34.5,24,1,1,I46
,Base Cabinet,,BWDMA21,1378,0,1,0,21,34.5,24,1,1,I46
,Base Cabinet,,BWDMA18-FHD,1176,1,0,1,18,34.5,24,1,1,I46
,Base Cabinet,,BWDMA21-FHD,1378,1,0,1,21,34.5,24,1,1,I46
,Base Cabinet,,BWDMW15,1045,0,1,0,15,34.5,24,1,1,I46
,Base Cabinet,,BWDMW18,1132,0,1,0,18,34.5,24,1,1,I46
,Base Cabinet,,BWDMW21,1192,0,1,0,21,34.5,24,1,1,I46
,Base Cabinet,,BWDMW15-FHD,1056,1,0,1,15,34.5,24,1,1,I46
,Base Cabinet,,BWDMW18-FHD,1173,1,0,1,18,34.5,24,1,1,I46
,Base Cabinet,,BWDMW21-FHD,1230,1,0,1,21,34.5,24,1,1,I46
,Base Cabinet,,BWDMWSD15,1836,0,1,0,15,34.5,24,1,1,I48
,Base Cabinet,,BWDMWSD18,1923,0,1,0,18,34.5,24,1,1,I48
,Base Cabinet,,BWDMWSD21,1983,0,1,0,21,34.5,24,1,1,I48
,Base Cabinet,,BWDMWSD15-FHD,1847,1,0,1,15,34.5,24,1,1,I48
,Base Cabinet,,BWDMWSD18-FHD,1964,1,0,1,18,34.5,24,1,1,I48
,Base Cabinet,,BWDMWSD21-FHD,2021,1,0,1,21,34.5,24,1,1,I48
,Base Cabinet,,BO24,621,1,0,0,24,34.5,24,1,1,I48
,Base Cabinet,,BO27,656,1,0,0,27,34.5,24,1,1,I48
,Base Cabinet,,BO30,691,1,0,0,30,34.5,24,1,1,I48
,Base Cabinet,,BO33,726,1,0,0,33,34.5,24,1,1,I48
,Base Cabinet,,BO36,754,1,0,0,36,34.5,24,1,1,I48
,Base Cabinet,,FIBO24,1062,1,0,0,24,34.5,24,1,1,I50
,Base Cabinet,,FIBO27,1097,1,0,0,27,34.5,24,1,1,I50
,Base Cabinet,,FIBO30,1132,1,0,0,30,34.5,24,1,1,I50
,Base Cabinet,,FIBO33,1167,1,0,0,33,34.5,24,1,1,I50
,Base Cabinet,,FIBO36,1195,1,0,0,36,34.5,24,1,1,I50
,Base Cabinet,,FOBO24,1462,1,0,0,24,34.5,24,1,1,I50
,Base Cabinet,,FOBO27,1497,1,0,0,27,34.5,24,1,1,I50
,Base Cabinet,,FOBO30,1532,1,0,0,30,34.5,24,1,1,I50
,Base Cabinet,,FOBO33,1567,1,0,0,33,34.5,24,1,1,I50
,Base Cabinet,,FOBO36,1595,1,0,0,36,34.5,24,1,1,I50
,Base Cabinet,,BWD27,892,0,1,0,27,34.5,24,1,1,I52
,Base Cabinet,,BWD30,946,0,1,0,30,34.5,24,1,1,I52
,Base Cabinet,,BWD33,1069,0,1,0,33,34.5,24,1,1,I52
,Base Cabinet,,BWD36,1192,0,1,0,36,34.5,24,1,1,I52
,Base Cabinet,,FIBWD27,1333,0,1,0,27,34.5,24,1,1,I52
,Base Cabinet,,FIBWD30,1387,0,1,0,30,34.5,24,1,1,I52
,Base Cabinet,,FIBWD33,1510,0,1,0,33,34.5,24,1,1,I52
,Base Cabinet,,FIBWD36,1633,0,1,0,36,34.5,24,1,1,I52
,Base Cabinet,,FOBWD27,1733,0,1,0,27,34.5,24,1,1,I54
,Base Cabinet,,FOBWD30,1787,0,1,0,30,34.5,24,1,1,I54
,Base Cabinet,,FOBWD33,1910,0,1,0,33,34.5,24,1,1,I54
,Base Cabinet,,FOBWD36,2033,0,1,0,36,34.5,24,1,1,I54
,Base Cabinet,,BWRX15,925,0,0,1,15,34.5,24,1,1,I54
,Base Cabinet,,BWRX18,936,0,0,1,18,34.5,24,1,1,I54
,Base Cabinet,,BWRX21,971,0,0,1,21,34.5,24,1,1,I54
,Base Cabinet,,BWRX24,990,0,0,1,24,34.5,24,1,1,I54
,Base Cabinet,,BWRX27,1123,0,0,1,27,34.5,24,1,1,I54
,Base Cabinet,,BWRX30,1157,0,0,1,30,34.5,24,1,1,I54
,Base Cabinet,,BWRX33,1192,0,0,1,33,34.5,24,1,1,I54
,Base Cabinet,,BWRX36,1222,0,0,1,36,34.5,24,1,1,I54
,Base Cabinet,,RTB27,1281,1,1,0,27,34.5,24,1,1,I56
,Base Cabinet,,RTB30,1334,1,1,0,30,34.5,24,1,1,I56
,Base Cabinet,,RTB33,1457,1,1,0,33,34.5,24,1,1,I56
,Base Cabinet,,RTB36,1581,1,1,0,36,34.5,24,1,1,I56
,Base Cabinet,,RTB39,1860,1,1,0,39,34.5,24,1,1,I56
,Base Cabinet,,RTB42,1984,1,1,0,42,34.5,24,1,1,I56
,Base Cabinet,,RTB45,2395,1,1,0,45,34.5,24,1,1,I56
,Base Cabinet,,RTB48,2519,1,1,0,48,34.5,24,1,1,I56
,Base Cabinet,,BWC30,960,0,0,0,30,34.5,24,1,1,I56
,Base Cabinet,,BWDG15,760,0,1,0,15,34.5,24,1,1,I58
,Base Cabinet,,BWDG18,800,0,1,0,18,34.5,24,1,1,I58
,Base Cabinet,,BWDG21,840,0,1,0,21,34.5,24,1,1,I58
,Base Cabinet,,BWDG24,880,0,1,0,24,34.5,24,1,1,I58
,Base Cabinet,,BWS12,1156,0,0,1,12,34.5,12,1,1,I58
,Base Cabinet,,BWS15,1239,0,0,1,15,34.5,12,1,1,I58
,Base Cabinet,,BWS18,1304,0,0,1,18,34.5,12,1,1,I58
,Base Cabinet,,BWS21,1393,0,0,1,21,34.5,12,1,1,I58
,Base Cabinet,,BWS24,1466,0,0,1,24,34.5,12,1,1,I58
,Base Cabinet,,BWS27,1653,0,0,1,27,34.5,12,1,1,I58
,Base Cabinet,,BWS30,1741,0,0,1,30,34.5,12,1,1,I58
,Base Cabinet,,BWS33,1830,0,0,1,33,34.5,12,1,1,I58
,Base Cabinet,,BWS36,1914,0,0,1,36,34.5,12,1,1,I58
,Base Cabinet,,BCNCWS42,8438,0,0,0,42,34.5,18,1,1,I60
,Base Cabinet,,BCNCWS48,8638,0,0,0,48,34.5,18,1,1,I60
,Base Cabinet,,BCNCWS54,8838,0,0,0,54,34.5,18,1,1,I60
,Base Cabinet,,BCVXWS42,8438,0,0,0,42,34.5,18,1,1,I60
,Base Cabinet,,BCVXWS48,8638,0,0,0,48,34.5,18,1,1,I60
,Base Cabinet,,BCVXWS54,8838,0,0,0,54,34.5,18,1,1,I60
,Base Cabinet,,BWRC6,551,0,0,1,6,34.5,12,1,1,I62
,Base Cabinet,,BND9,406,0,0,1,9,34.5,24,1,1,I62
,Base Cabinet,,BND12,436,0,0,1,12,34.5,24,1,1,I62
,Base Cabinet,,BND15,465,0,0,1,15,34.5,24,1,1,I62
,Base Cabinet,,BND18,476,0,0,1,18,34.5,24,1,1,I62
,Base Cabinet,,BND21,511,0,0,1,21,34.5,24,1,1,I62
,Base Cabinet,,BND24,530,0,0,1,24,34.5,24,1,1,I62
,Base Cabinet,,BND27,663,0,0,1,27,34.5,24,1,1,I62
,Base Cabinet,,BND30,697,0,0,1,30,34.5,24,1,1,I62
,Base Cabinet,,BND33,732,0,0,1,33,34.5,24,1,1,I62
,Base Cabinet,,BND36,762,0,0,1,36,34.5,24,1,1,I62
,Base Cabinet,,BAD6,1240,0,5,0,6,34.5,24,1,1,I64
,Base Cabinet,,BNDVA15,582,0,0,1,15,34.5,24,1,1,I64
,Base Cabinet,,BNDVA18,593,0,0,1,18,34.5,24,1,1,I64
,Base Cabinet,,BNDVA21,628,0,0,1,21,34.5,24,1,1,I64
,Base Cabinet,,BNDVA24,647,0,0,1,24,34.5,24,1,1,I64
,Base Cabinet,,BNDVA27,780,0,0,1,27,34.5,24,1,1,I64
,Base Cabinet,,BNDVA30,814,0,0,1,30,34.5,24,1,1,I64
,Base Cabinet,,BNDVA33,849,0,0,1,33,34.5,24,1,1,I64
,Base Cabinet,,BNDVA36,879,0,0,1,36,34.5,24,1,1,I64
,Base Cabinet,,BPOS-9,953,0,1,4,9,34.5,24,1,1,I66
,Base Cabinet,,BPOS-12,1088,0,1,4,12,34.5,24,1,1,I66
,Base Cabinet,,BPOS-15,1503,0,1,4,15,34.5,24,1,1,I66
,Base Cabinet,,BPOS-18,1679,0,1,4,18,34.5,24,1,1,I66
,Base Cabinet,,BKI-9,1510,0,1,4,9,34.5,24,1,1,I66
,Base Cabinet,,BKI-12,1540,0,1,4,12,34.5,24,1,1,I66
,Base Cabinet,,BKI-15,1747,0,1,4,15,34.5,24,1,1,I66
,Base Cabinet,,BTD-9,983,0,1,4,9,34.5,24,1,1,I68
,Base Cabinet,,BTD-12,1159,0,1,4,12,34.5,24,1,1,I68
,Base Cabinet,,BFSO18,1243,0,2,0,18,34.5,24,1,1,I68
,Base Cabinet,,BFSO24,1365,0,2,0,24,34.5,24,1,1,I68
,Base Cabinet,,BFSO24-2D,1562,2,1,1,24,34.5,24,1,1,I68
,Base Cabinet,,BFSO18-FHD,1243,1,0,1,18,34.5,24,1,1,I68
,Base Cabinet,,BFSO24-FHD,1365,1,0,1,24,34.5,24,1,1,I68
,Base Cabinet,,BFSO24-2D-FHD,1562,2,0,1,24,34.5,24,1,1,I68
,Base Cabinet,,BUBO9,1125,0,1,4,9,34.5,24,1,1,I70
,Base Cabinet,,BUBO12,1256,0,1,4,12,34.5,24,1,1,I70
,Base Cabinet,,BPOPR18,932,1,0,0,18,34.5,24,1,1,I70
,Base Cabinet,,BPOPR21,967,1,0,0,21,34.5,24,1,1,I70
,Base Cabinet,,BPTPO12,1538,0,1,4,12,34.5,24,1,1,I72
,Base Cabinet,,AEB24,982,2,0,1,24,34.5,24,1,1,I72
,Base Cabinet,,AB24,966,2,0,1,24,34.5,24,1,1,I72
,Base Cabinet,,ABL12,775,1,0,1,12,34.5,24,1,1,I74
,Base Cabinet,,ABR12,775,1,0,1,12,34.5,24,1,1,I74
,Base Cabinet,,BESL9,697,0,0,1,9,34.5,24,1,1,I74
,Base Cabinet,,BESR9,697,0,0,1,9,34.5,24,1,1,I74
,Base Cabinet,,BESP9,697,0,0,1,9,34.5,24,1,1,I74
,Base Cabinet,,MRBDO9,417,1,1,1,9,34.5,24,1,1,I76
,Base Cabinet,,MRBDO30,719,2,1,1,30,34.5,24,1,1,I76
,Base Cabinet,,MRBDO12,447,1,1,1,12,34.5,24,1,1,I76
,Base Cabinet,,MRBDO33,754,2,1,1,33,34.5,24,1,1,I76
,Base Cabinet,,MRBDO15,476,1,1,1,15,34.5,24,1,1,I76
,Base Cabinet,,MRBDO36,784,2,1,1,36,34.5,24,1,1,I76
,Base Cabinet,,MRBDO18,487,1,1,1,18,34.5,24,1,1,I76
,Base Cabinet,,MRBDO39,819,2,1,1,39,34.5,24,1,1,I76
,Base Cabinet,,MRBDO21,522,1,1,1,21,34.5,24,1,1,I76
,Base Cabinet,,MRBDO42,854,2,1,1,42,34.5,24,1,1,I76
,Base Cabinet,,MRBDO24,541,1,1,1,24,34.5,24,1,1,I76
,Base Cabinet,,MRBDO45,882,2,1,1,45,34.5,24,1,1,I76
,Base Cabinet,,MRBDO24-2D,738,2,1,1,24,34.5,24,1,1,I76
,Base Cabinet,,MRBDO48,893,2,1,1,48,34.5,24,1,1,I76
,Base Cabinet,,MRBDO27,685,2,1,1,27,34.5,24,1,1,I76
,Base Cabinet,,MRBOS9,350,0,0,1,9,34.5,24,1,1,I76
,Base Cabinet,,MRBOS24,600,0,0,1,24,34.5,24,1,1,I76
,Base Cabinet,,MRBOS12,400,0,0,1,12,34.5,24,1,1,I76
,Base Cabinet,,MRBOS27,650,0,0,1,27,34.5,24,1,1,I76
,Base Cabinet,,MRBOS15,450,0,0,1,15,34.5,24,1,1,I76
,Base Cabinet,,MRBOS30,750,0,0,1,30,34.5,24,1,1,I76
,Base Cabinet,,MRBOS18,500,0,0,1,18,34.5,24,1,1,I76
,Base Cabinet,,MRBOS33,850,0,0,1,33,34.5,24,1,1,I76
,Base Cabinet,,MRBOS21,550,0,0,1,21,34.5,24,1,1,I76
,Base Cabinet,,MRBOS36,900,0,0,1,36,34.5,24,1,1,I76
,Base Cabinet,,MRDBD9,280,0,1,0,9,34.5,24,1,1,I78
,Base Cabinet,,MRDBD24,480,0,1,0,24,34.5,24,1,1,I78
,Base Cabinet,,MRDBD12,320,0,1,0,12,34.5,24,1,1,I78
,Base Cabinet,,MRDBD27,520,0,1,0,27,34.5,24,1,1,I78
,Base Cabinet,,MRDBD15,360,0,1,0,15,34.5,24,1,1,I78
,Base Cabinet,,MRDBD30,600,0,1,0,30,34.5,24,1,1,I78
,Base Cabinet,,MRDBD18,400,0,1,0,18,34.5,24,1,1,I78
,Base Cabinet,,MRDBD33,680,0,1,0,33,34.5,24,1,1,I78
,Base Cabinet,,MRDBD21,440,0,1,0,21,34.5,24,1,1,I78
,Base Cabinet,,MRDBD36,720,0,1,0,36,34.5,24,1,1,I78
,Base Cabinet,,MRT1264 1/2,603,0,0,0,12,64.5,12,1,1,I79
,Base Cabinet,,MRT1267 1/2,665,0,0,0,12,67.5,12,1,1,I79
,Base Cabinet,,MRT1270 1/2,877,0,0,0,12,70.5,12,1,1,I79
,Base Cabinet,,MRT1273 1/2,939,0,0,0,12,73.5,12,1,1,I79
,Base Cabinet,,MRT1276 1/2,1001,0,0,0,12,76.5,12,1,1,I79
,Base Cabinet,,MRT1564 1/2,665,0,0,0,15,64.5,12,1,1,I79
,Base Cabinet,,MRT1567 1/2,727,0,0,0,15,67.5,12,1,1,I79
,Base Cabinet,,MRT1570 1/2,939,0,0,0,15,70.5,12,1,1,I79
,Base Cabinet,,MRT1573 1/2,1001,0,0,0,15,73.5,12,1,1,I79
,Base Cabinet,,MRT1576 1/2,1063,0,0,0,15,76.5,12,1,1,I79
,Base Cabinet,,MRT1864 1/2,728,0,0,0,18,64.5,12,1,1,I79
,Base Cabinet,,MRT1867 1/2,790,0,0,0,18,67.5,12,1,1,I79
,Base Cabinet,,MRT1870 1/2,1002,0,0,0,18,70.5,12,1,1,I79
,Base Cabinet,,MRT1873 1/2,1064,0,0,0,18,73.5,12,1,1,I79
,Base Cabinet,,MRT1876 1/2,1126,0,0,0,18,76.5,12,1,1,I79
,Base Cabinet,,MRT2164 1/2,790,0,0,0,21,64.5,12,1,1,I79
,Base Cabinet,,MRT2167 1/2,852,0,0,0,21,67.5,12,1,1,I79
,Base Cabinet,,MRT2170 1/2,1064,0,0,0,21,70.5,12,1,1,I79
,Base Cabinet,,MRT2173 1/2,1126,0,0,0,21,73.5,12,1,1,I79
,Base Cabinet,,MRT2176 1/2,1188,0,0,0,21,76.5,12,1,1,I79
,Base Cabinet,,MRT2464 1/2,853,0,0,0,24,64.5,12,1,1,I79
,Base Cabinet,,MRT2467 1/2,915,0,0,0,24,67.5,12,1,1,I79
,Base Cabinet,,MRT2470 1/2,1127,0,0,0,24,70.5,12,1,1,I79
,Base Cabinet,,MRT2473 1/2,1189,0,0,0,24,73.5,12,1,1,I79
,Base Cabinet,,MRT2476 1/2,1251,0,0,0,24,76.5,12,1,1,I79
,Base Cabinet,,MRT2764 1/2,929,0,0,0,27,64.5,12,1,1,I79
,Base Cabinet,,MRT2767 1/2,991,0,0,0,27,67.5,12,1,1,I79
,Base Cabinet,,MRT2770 1/2,1203,0,0,0,27,70.5,12,1,1,I79
,Base Cabinet,,MRT2773 1/2,1265,0,0,0,27,73.5,12,1,1,I79
,Base Cabinet,,MRT2776 1/2,1327,0,0,0,27,76.5,12,1,1,I79
,Base Cabinet,,MRT3064 1/2,996,0,0,0,30,64.5,12,1,1,I79
,Base Cabinet,,MRT3067 1/2,1058,0,0,0,30,67.5,12,1,1,I79
,Base Cabinet,,MRT3070 1/2,1270,0,0,0,30,70.5,12,1,1,I79
,Base Cabinet,,MRT3073 1/2,1332,0,0,0,30,73.5,12,1,1,I79
,Base Cabinet,,MRT3076 1/2,1394,0,0,0,30,76.5,12,1,1,I79
,Base Cabinet,,MRT3364 1/2,1026,0,0,0,33,64.5,12,1,1,I79
,Base Cabinet,,MRT3367 1/2,1088,0,0,0,33,67.5,12,1,1,I79
,Base Cabinet,,MRT3370 1/2,1300,0,0,0,33,70.5,12,1,1,I79
,Base Cabinet,,MRT3373 1/2,1362,0,0,0,33,73.5,12,1,1,I79
,Base Cabinet,,MRT3376 1/2,1424,0,0,0,33,76.5,12,1,1,I79
,Base Cabinet,,MRT3664 1/2,1105,0,0,0,36,64.5,12,1,1,I79
,Base Cabinet,,MRT3667 1/2,1167,0,0,0,36,67.5,12,1,1,I79
,Base Cabinet,,MRT3670 1/2,1379,0,0,0,36,70.5,12,1,1,I79
,Base Cabinet,,MRT3673 1/2,1441,0,0,0,36,73.5,12,1,1,I79
,Base Cabinet,,MRT3676 1/2,1503,0,0,0,36,76.5,12,1,1,I79
,Base Cabinet,,MRT3964 1/2,1168,0,0,0,39,64.5,12,1,1,I79
,Base Cabinet,,MRT3967 1/2,1230,0,0,0,39,67.5,12,1,1,I79
,Base Cabinet,,MRT3970 1/2,1442,0,0,0,39,70.5,12,1,1,I79
,Base Cabinet,,MRT3973 1/2,1504,0,0,0,39,73.5,12,1,1,I79
,Base Cabinet,,MRT3976 1/2,1566,0,0,0,39,76.5,12,1,1,I79
,Base Cabinet,,MRT4264 1/2,1230,0,0,0,42,64.5,12,1,1,I79
,Base Cabinet,,MRT4267 1/2,1292,0,0,0,42,67.5,12,1,1,I79
,Base Cabinet,,MRT4270 1/2,1504,0,0,0,42,70.5,12,1,1,I79
,Base Cabinet,,MRT4273 1/2,1566,0,0,0,42,73.5,12,1,1,I79
,Base Cabinet,,MRT4276 1/2,1628,0,0,0,42,76.5,12,1,1,I79
,Base Cabinet,,MRTD1264 1/2,1148,1,0,1,12,64.5,12,1,1,I80
,Base Cabinet,,MRTD1267 1/2,1210,1,0,1,12,67.5,12,1,1,I80
,Base Cabinet,,MRTD1270 1/2,1422,1,0,1,12,70.5,12,1,1,I80
,Base Cabinet,,MRTD1273 1/2,1484,1,0,1,12,73.5,12,1,1,I80
,Base Cabinet,,MRTD1276 1/2,1546,1,0,1,12,76.5,12,1,1,I80
,Base Cabinet,,MRTD1564 1/2,1173,1,0,1,15,64.5,12,1,1,I80
,Base Cabinet,,MRTD1567 1/2,1235,1,0,1,15,67.5,12,1,1,I80
,Base Cabinet,,MRTD1570 1/2,1447,1,0,1,15,70.5,12,1,1,I80
,Base Cabinet,,MRTD1573 1/2,1509,1,0,1,15,73.5,12,1,1,I80
,Base Cabinet,,MRTD1576 1/2,1571,1,0,1,15,76.5,12,1,1,I80
,Base Cabinet,,MRTD1864 1/2,1198,1,0,1,18,64.5,12,1,1,I80
,Base Cabinet,,MRTD1867 1/2,1260,1,0,1,18,67.5,12,1,1,I80
,Base Cabinet,,MRTD1870 1/2,1472,1,0,1,18,70.5,12,1,1,I80
,Base Cabinet,,MRTD1873 1/2,1534,1,0,1,18,73.5,12,1,1,I80
,Base Cabinet,,MRTD1876 1/2,1596,1,0,1,18,76.5,12,1,1,I80
,Base Cabinet,,MRTD2164 1/2,1235,1,0,1,21,64.5,12,1,1,I80
,Base Cabinet,,MRTD2167 1/2,1297,1,0,1,21,67.5,12,1,1,I80
,Base Cabinet,,MRTD2170 1/2,1509,1,0,1,21,70.5,12,1,1,I80
,Base Cabinet,,MRTD2173 1/2,1571,1,0,1,21,73.5,12,1,1,I80
,Base Cabinet,,MRTD2176 1/2,1633,1,0,1,21,76.5,12,1,1,I80
,Base Cabinet,,MRTD2464 1/2,1273,1,0,1,24,64.5,12,1,1,I80
,Base Cabinet,,MRTD2467 1/2,1335,1,0,1,24,67.5,12,1,1,I80
,Base Cabinet,,MRTD2470 1/2,1547,1,0,1,24,70.5,12,1,1,I80
,Base Cabinet,,MRTD2473 1/2,1609,1,0,1,24,73.5,12,1,1,I80
,Base Cabinet,,MRTD2476 1/2,1671,1,0,1,24,76.5,12,1,1,I80
,Base Cabinet,,MRTD24-2D64 1/2,1310,1,0,1,24,64.5,12,1,1,I80
,Base Cabinet,,MRTD24-2D67 1/2,1477,1,0,1,24,67.5,12,1,1,I80
,Base Cabinet,,MRTD24-2D70 1/2,1689,1,0,1,24,70.5,12,1,1,I80
,Base Cabinet,,MRTD24-2D73 1/2,1751,1,0,1,24,73.5,12,1,1,I80
,Base Cabinet,,MRTD24-2D76 1/2,1813,1,0,1,24,76.5,12,1,1,I80
,Base Cabinet,,MRTD2764 1/2,1348,1,0,1,27,64.5,12,1,1,I80
,Base Cabinet,,MRTD2767 1/2,1410,1,0,1,27,67.5,12,1,1,I80
,Base Cabinet,,MRTD2770 1/2,1622,1,0,1,27,70.5,12,1,1,I80
,Base Cabinet,,MRTD2773 1/2,1684,1,0,1,27,73.5,12,1,1,I80
,Base Cabinet,,MRTD2776 1/2,1746,1,0,1,27,76.5,12,1,1,I80
,Base Cabinet,,MRTD3064 1/2,1423,1,0,1,30,64.5,12,1,1,I80
,Base Cabinet,,MRTD3067 1/2,1485,1,0,1,30,67.5,12,1,1,I80
,Base Cabinet,,MRTD3070 1/2,1697,1,0,1,30,70.5,12,1,1,I80
,Base Cabinet,,MRTD3073 1/2,1759,1,0,1,30,73.5,12,1,1,I80
,Base Cabinet,,MRTD3076 1/2,1821,1,0,1,30,76.5,12,1,1,I80
,Base Cabinet,,MRTD3364 1/2,1468,1,0,1,33,64.5,12,1,1,I80
,Base Cabinet,,MRTD3367 1/2,1530,1,0,1,33,67.5,12,1,1,I80
,Base Cabinet,,MRTD3370 1/2,1742,1,0,1,33,70.5,12,1,1,I80
,Base Cabinet,,MRTD3373 1/2,1804,1,0,1,33,73.5,12,1,1,I80
,Base Cabinet,,MRTD3376 1/2,1866,1,0,1,33,76.5,12,1,1,I80
,Base Cabinet,,MRTD3664 1/2,1518,1,0,1,36,64.5,12,1,1,I80
,Base Cabinet,,MRTD3667 1/2,1580,1,0,1,36,67.5,12,1,1,I80
,Base Cabinet,,MRTD3670 1/2,1792,1,0,1,36,70.5,12,1,1,I80
,Base Cabinet,,MRTD3673 1/2,1854,1,0,1,36,73.5,12,1,1,I80
,Base Cabinet,,MRTD3676 1/2,1916,1,0,1,36,76.5,12,1,1,I80
,Base Cabinet,,MRTD3964 1/2,1568,1,0,1,39,64.5,12,1,1,I80
,Base Cabinet,,MRTD3967 1/2,1630,1,0,1,39,67.5,12,1,1,I80
,Base Cabinet,,MRTD3970 1/2,1842,1,0,1,39,70.5,12,1,1,I80
,Base Cabinet,,MRTD3973 1/2,1904,1,0,1,39,73.5,12,1,1,I80
,Base Cabinet,,MRTD3976 1/2,1966,1,0,1,39,76.5,12,1,1,I80
,Base Cabinet,,MRTD4264 1/2,1611,1,0,1,42,64.5,12,1,1,I80
,Base Cabinet,,MRTD4267 1/2,1673,1,0,1,42,67.5,12,1,1,I80
,Base Cabinet,,MRTD4270 1/2,1885,1,0,1,42,70.5,12,1,1,I80
,Base Cabinet,,MRTD4273 1/2,1947,1,0,1,42,73.5,12,1,1,I80
,Base Cabinet,,MRTD4276 1/2,2009,1,0,1,42,76.5,12,1,1,I80
,Base Cabinet,,LPDC3014-33,820,0,1,0,30,14,33,1,1,I81
,Base Cabinet,,LPDC3014-36,820,0,1,0,30,14,36,1,1,I81
,Base Cabinet,,LPDC3014-39,820,0,1,0,30,14,39,1,1,I81
,Base Cabinet,,LPDC3014-42,820,0,1,0,30,14,42,1,1,I81
,Base Cabinet,,LPDC3015-33,840,0,1,0,30,15,33,1,1,I81
,Base Cabinet,,LPDC3015-36,840,0,1,0,30,15,36,1,1,I81
,Base Cabinet,,LPDC3015-39,840,0,1,0,30,15,39,1,1,I81
,Base Cabinet,,LPDC3015-42,840,0,1,0,30,15,42,1,1,I81
,Base Cabinet,,LPDC3016-33,860,0,1,0,30,16,33,1,1,I81
,Base Cabinet,,LPDC3016-36,860,0,1,0,30,16,36,1,1,I81
,Base Cabinet,,LPDC3016-39,860,0,1,0,30,16,39,1,1,I81
,Base Cabinet,,LPDC3016-42,860,0,1,0,30,16,42,1,1,I81
,Base Cabinet,,LPDC3017-33,880,0,1,0,30,17,33,1,1,I81
,Base Cabinet,,LPDC3017-36,880,0,1,0,30,17,36,1,1,I81
,Base Cabinet,,LPDC3017-39,880,0,1,0,30,17,39,1,1,I81
,Base Cabinet,,LPDC3017-42,880,0,1,0,30,17,42,1,1,I81
,Base Cabinet,,LPDC3018-33,900,0,1,0,30,18,33,1,1,I81
,Base Cabinet,,LPDC3018-36,900,0,1,0,30,18,36,1,1,I81
,Base Cabinet,,LPDC3018-39,900,0,1,0,30,18,39,1,1,I81
,Base Cabinet,,LPDC3018-42,900,0,1,0,30,18,42,1,1,I81
,Base Cabinet,,LPC3019-33,2093,0,2,0,30,19,33,1,1,I82
,Base Cabinet,,LPC3019-36,2093,0,2,0,30,19,36,1,1,I82
,Base Cabinet,,LPC3019-39,2093,0,2,0,30,19,39,1,1,I82
,Base Cabinet,,LPC3019-42,2093,0,2,0,30,19,42,1,1,I82
,Base Cabinet,,LPC3020-33,2113,0,2,0,30,20,33,1,1,I82
,Base Cabinet,,LPC3020-36,2113,0,2,0,30,20,36,1,1,I82
,Base Cabinet,,LPC3020-39,2113,0,2,0,30,20,39,1,1,I82
,Base Cabinet,,LPC3020-42,2113,0,2,0,30,20,42,1,1,I82
,Base Cabinet,,LPC3021-33,2133,0,2,0,30,21,33,1,1,I82
,Base Cabinet,,LPC3021-36,2133,0,2,0,30,21,36,1,1,I82
,Base Cabinet,,LPC3021-39,2133,0,2,0,30,21,39,1,1,I82
,Base Cabinet,,LPC3021-42,2133,0,2,0,30,21,42,1,1,I82
,Base Cabinet,,LPC3022-33,2153,0,2,0,30,22,33,1,1,I82
,Base Cabinet,,LPC3022-36,2153,0,2,0,30,22,36,1,1,I82
,Base Cabinet,,LPC3022-39,2153,0,2,0,30,22,39,1,1,I82
,Base Cabinet,,LPC3022-42,2153,0,2,0,30,22,42,1,1,I82
,Base Cabinet,,LPC3023-33,2173,0,2,0,30,23,33,1,1,I82
,Base Cabinet,,LPC3023-36,2173,0,2,0,30,23,36,1,1,I82
,Base Cabinet,,LPC3023-39,2173,0,2,0,30,23,39,1,1,I82
,Base Cabinet,,LPC3023-42,2173,0,2,0,30,23,42,1,1,I82
,Base Cabinet,,LPC3024-33,2193,0,2,0,30,24,33,1,1,I82
,Base Cabinet,,LPC3024-36,2193,0,2,0,30,24,36,1,1,I82
,Base Cabinet,,LPC3024-39,2193,0,2,0,30,24,39,1,1,I82
,Base Cabinet,,LPC3024-42,2193,0,2,0,30,24,42,1,1,I82