"+1 727-238-3455","US","office","+17272383455"
"+1 727-250-4148","US","office","+17272504148"
"+1 727-474-2225","US","office","+17274742225"
"+1 727-550-0855","US","office","+17275500855"
"+1 732-227-1256","US","office","+17322271256"
"+1 757-390-3373","US","office","+17573903373"
"+1 770-514-2020","US","office","+17705142020"
"+1 770-771-6865","US","office","+17707716865"
"+1 773-253-9404","US","office","+17732539404"
"+1 903-596-3627","US","office","+19035963627"
"+1 903-791-9355","US","office","+19037919355"
"+1 904-619-7078","US","office","+19046197078"
"+1 905-458-7364","CA","office","+19054587364"
"+1 905-734-3294","CA","office","+19057343294"
"+1 909-629-1600","US","other","+19096291600"
"+1 910-487-8326","US","office","+19104878326"
"+1 912-384-1781","US","office","+19123841781"
"+1 916-929-1833","US","office","+19169291833"
"+1 918-579-3627","US","office","+19185793627"
"+1 920-424-1234","US","office","+19204241234"
"+1 845-896-5678","US","office","+18458965678"
"+1 855-465-4832","US","office","+18554654832"
"+1 860-628-7776","US","office","+18606287776"
"+1 864-520-8777","US","office","+18645208777"
"+1 864-991-8403","US","office","+18649918403"
"+1 866-818-8793","US","office","+18668188793"
"+1 870-207-7300","US","office","+18702077300"
"+1 870-936-8000","US","office","+18709368000"
"+1 877-721-4547","US","office","+18777214547"
"+1 772-219-7655","US","office","+17722197655"
"+1 775-851-7171","US","office","+17758517171"
"+1 786-536-6117","US","office","+17865366117"
"+1 786-953-4031","US","office","+17869534031"
"+1 801-212-9192","US","office","+18012129192"
"+1 801-272-2262","US","office","+18012722262"
"+1 505-897-5065","US","office","+15058975065"
"+1 507-266-4688","US","office","+15072664688"
"+1 509-406-6030","US","office","+15094066030"
"+1 509-838-1010","US","office","+15098381010"
"+1 514-481-0888","CA","office","+15144810888"
"+1 518-280-6434","US","office","+15182806434"
"+1 541-574-0603","US","office","+15415740603"
"+1 541-926-4488","US","office","+15419264488"
"+1 682-252-4808","US","office","+16822524808"
"+1 702-228-5171","US","office","+17022285171"
"+1 702-257-9009","US","office","+17022579009"
"+1 702-590-9607","US","office","+17025909607"
"+1 703-465-8100","US","office","+17034658100"
"+1 703-992-9815","US","office","+17039929815"
"+1 704-246-3936","US","office","+17042463936"
"+1 707-559-2200","US","office","+17075592200"
"+1 717-461-0901","US","office","+17174610901"
"+1 719-637-3755","US","office","+17196373755"
"+1 315-423-6598","US","office","+13154236598"
"+1 319-365-7721","US","office","+13193657721"
"+1 323-660-0050","US","office","+13236600050"
"+1 336-869-8399","US","office","+13368698399"
"+1 360-287-4402","US","office","+13602874402"
"+1 870-936-8000","US","office","+18709368000"
"+1 901-678-2000","US","office","+19016782000"
"+1 903-596-3627","US","office","+19035963627"
"+1 904-273-5454","US","office","+19042735454"
"+1 904-372-9137","US","office","+19043729137"
"+1 904-928-9400","US","office","+19049289400"
"+1 905-503-4002","CA","office","+19055034002"
"+1 910-323-1234","US","office","+19103231234"
"+1 910-424-4555","US","office","+19104244555"
"+1 954-491-4969","US","office","+19544914969"
"+1 954-505-3480","US","office","+19545053480"
"+1 970-493-7222","US","office","+19704937222"
"+1 973-653-9974","US","office","+19736539974"
"+1 978-412-4156","US","office","+19784124156"
"+1 262-646-4727","US","office","+12626464727"
"+1 321-972-3516","US","office","+13219723516"
"+1 336-869-8399","US","office","+13368698399"
"+1 662-377-3000","US","office","+16623773000"
"+1 716-276-3491","US","office","+17162763491"
"+1 734-639-1109","US","office","+17346391109"
"+1 757-333-3287","US","office","+17573333287"
"+1 763-205-6952","US","office","+17632056952"
"+1 763-540-1837","US","office","+17635401837"
"+1 402-280-2700","US","office","+14022802700"
"+1 405-810-5944","US","office","+14058105944"
"+1 405-888-9293","US","office","+14058889293"
"+1 406-216-2066","US","office","+14062162066"
"+1 407-250-4088","US","office","+14072504088"
"+1 407-613-5507","US","office","+14076135507"
"+1 407-704-8728","US","office","+14077048728"
"+1 407-898-9804","US","office","+14078989804"
"+1 410-715-3000","US","office","+14107153000"
"+1 410-891-0096","US","office","+14108910096"
"+1 205-248-2636","US","office","+12052482636"
"+1 205-981-0414","US","office","+12059810414"
"+1 207-761-0177","US","office","+12077610177"
"+1 213-406-8099","US","office","+12134068099"
"+1 217-223-1200","US","office","+12172231200"
"+1 217-333-3806","US","office","+12173333806"
"+1 217-784-4251","US","office","+12177844251"
"+1 225-255-2963","US","office","+12252552963"
"+1 928-532-4000","US","office","+19285324000"
"+1 937-470-9492","US","office","+19374709492"
"+1 949-644-2442","US","office","+19496442442"
"+1 951-683-9001","US","office","+19516839001"
"+1 954-341-8430","US","office","+19543418430"
"+1 954-449-4702","US","office","+19544494702"
"+1 954-780-9060","US","office","+19547809060"
"+1 954-990-0302","US","office","+19549900302"
"+1 973-653-9974","US","office","+19736539974"
"+1 985-875-1182","US","office","+19858751182"
"+1 417-315-8034","US","office","+14173158034"
"+1 417-720-1672","US","office","+14177201672"
"+1 424-280-4003","US","office","+14242804003"
"+1 424-558-8993","US","office","+14245588993"
"+1 450-681-1009","CA","office","+14506811009"
"+1 479-202-5048","US","office","+14792025048"
"+1 479-769-2280","US","office","+14797692280"
"+1 480-248-9987","US","office","+14802489987"
"+1 501-224-3223","US","office","+15012243223"
"+1 501-450-3920","US","office","+15014503920"
"+1 501-500-0272","US","office","+15015000272"
"+1 239-332-2388","US","office","+12393322388"
"+1 239-791-7867","US","office","+12397917867"
"+1 240-907-5010","US","office","+12409075010"
"+1 248-335-7200","US","office","+12483357200"
"+1 256-858-1344","US","office","+12568581344"
"+1 256-891-8240","US","office","+12568918240"
"+1 270-319-4827","US","office","+12703194827"
"+1 270-933-1000","US","office","+12709331000"
"+1 651-342-1063","US","office","+16513421063"
"+1 651-348-2933","US","office","+16513482933"
"+1 651-982-2400","US","office","+16519822400"
"+1 702-261-6611","US","office","+17022616611"
"+1 702-483-5412","US","office","+17024835412"
"+1 702-731-5652","US","office","+17027315652"
"+1 704-448-0206","US","office","+17044480206"
"+1 704-662-0946","US","office","+17046620946"
"+1 704-765-9817","US","office","+17047659817"
"+1 704-997-8317","US","office","+17049978317"
"+1 706-369-3111","US","office","+17063693111"
"+1 713-993-6400","US","office","+17139936400"
"+1 205-783-1020","US","office","+12057831020"
"+1 205-991-8083","US","office","+12059918083"
"+1 209-551-1888","US","office","+12095511888"
"+1 210-375-9087","US","office","+12103759087"
"+1 217-223-1200","US","office","+12172231200"
"+1 224-723-5408","US","office","+12247235408"
"+1 832-663-9880","US","office","+18326639880"
"+1 833-878-5115","US","office","+18338785115"
"+1 843-784-2231","US","office","+18437842231"
"+1 843-800-2300","US","office","+18438002300"
"+1 843-936-6238","US","office","+18439366238"
"+1 845-482-2514","US","office","+18454822514"
"+1 855-694-6682","US","office","+18556946682"
"+1 856-241-9111","US","office","+18562419111"
"+1 858-366-7885","US","office","+18583667885"
"+1 860-430-1088","US","office","+18604301088"
"+1 864-438-4646","US","office","+18644384646"
"+1 571-655-5554","US","office","+15716555554"
"+1 573-346-9911","US","office","+15733469911"
"+1 573-507-6580","US","office","+15735076580"
"+1 575-433-3000","US","office","+15754333000"
"+1 575-437-4533","US","office","+15754374533"
"+1 601-426-4000","US","office","+16014264000"
"+1 603-527-8233","US","office","+16035278233"
"+1 604-629-6299","CA","office","+16046296299"
"+1 605-224-1425","US","office","+16052241425"
"+1 608-630-9804","US","office","+16086309804"
"+1 501-382-8400","US","office","+15013828400"
"+1 502-893-4024","US","office","+15028934024"
"+1 503-242-5500","US","office","+15032425500"
"+1 503-287-4594","US","office","+15032874594"
"+1 503-361-2344","US","office","+15033612344"
"+1 505-897-4433","US","office","+15058974433"
"+1 239-260-5060","US","office","+12392605060"
"+1 239-471-7620","US","office","+12394717620"
"+1 239-846-7546","US","office","+12398467546"
"+1 240-808-0013","US","office","+12408080013"
"+1 253-268-0625","US","office","+12532680625"
"+1 256-891-8240","US","office","+12568918240"
"+1 301-231-7778","US","office","+13012317778"
"+1 612-333-8181","US","office","+16123338181"
"+1 613-233-7546","CA","office","+16132337546"
"+1 630-208-1920","US","office","+16302081920"
"+1 630-554-7353","US","office","+16305547353"
"+1 631-324-5333","US","office","+16313245333"
"+1 636-204-6400","US","office","+16362046400"
"+1 647-245-8544","CA","office","+16472458544"
"+1 651-222-4490","US","office","+16512224490"
"+1 651-340-4318","US","office","+16513404318"
"+1 305-599-3649","US","office","+13055993649"
"+1 312-929-4508","US","office","+13129294508"
"+1 314-786-5389","US","office","+13147865389"
"+1 314-974-5728","US","office","+13149745728"
"+1 301-829-9730","US","office","+13018299730"
"+1 304-845-3394","US","office","+13048453394"
"+1 305-397-8974","US","office","+13053978974"
"+1 305-677-1634","US","office","+13056771634"
"+1 305-933-6930","US","office","+13059336930"
"+1 305-948-4701","US","office","+13059484701"
"+1 310-659-9911","US","office","+13106599911"
"+1 310-798-0612","US","office","+13107980612"
"+1 312-829-7699","US","office","+13128297699"
"+1 314-376-4240","US","office","+13143764240"
"+1 315-870-3088","US","office","+13158703088"
"+1 319-236-7752","US","office","+13192367752"
"+1 319-861-3223","US","office","+13198613223"
"+1 321-281-8010","US","office","+13212818010"
"+1 323-315-0700","US","office","+13233150700"
"+1 323-403-0522","US","office","+13234030522"
"+1 323-413-2287","US","office","+13234132287"
"+1 323-913-0030","US","office","+13239130030"
"+1 330-665-2555","US","office","+13306652555"
"+1 405-486-7450","US","office","+14054867450"
"+1 407-613-5507","US","office","+14076135507"
"+1 407-999-5008","US","office","+14079995008"
"+1 410-715-3000","US","office","+14107153000"
"+1 412-922-1818","US","office","+14129221818"
"+1 916-452-1581","US","office","+19164521581"
"+1 918-299-5500","US","office","+19182995500"
"+1 919-515-7529","US","office","+19195157529"
"+1 920-457-0664","US","other","+19204570664"
"+1 949-660-8801","US","office","+19496608801"
"+1 951-506-1040","US","office","+19515061040"
"+1 952-378-4348","US","office","+19523784348"
"+1 952-476-0304","US","office","+19524760304"
"+1 201-683-6956","US","office","+12016836956"
"+1 503-236-8697","US","office","+15032368697"
"+1 503-564-8708","US","office","+15035648708"
"+1 503-713-5543","US","office","+15037135543"
"+1 503-809-2796","US","office","+15038092796"
"+1 505-373-8068","US","office","+15053738068"
"+1 505-415-0719","US","office","+15054150719"
"+1 505-681-6657","US","office","+15056816657"
"+1 505-821-1960","US","office","+15058211960"
"+1 505-897-5065","US","office","+15058975065"
"+1 505-982-3899","US","office","+15059823899"
"+1 813-790-8469","US","office","+18137908469"
"+1 815-730-8400","US","office","+18157308400"
"+1 833-878-5115","US","office","+18338785115"
"+1 843-264-7973","US","office","+18432647973"
"+1 509-487-0202","US","office","+15094870202"
"+1 512-328-4100","US","office","+15123284100"
"+1 514-398-7000","CA","office","+15143987000"
"+1 514-745-2837","CA","office","+15147452837"
"+1 516-536-8700","US","office","+15165368700"
"+1 519-642-7800","CA","office","+15196427800"
"+1 559-299-2301","US","office","+15592992301"
"+1 561-318-5367","US","office","+15613185367"
"+1 561-997-8348","US","office","+15619978348"
"+1 786-294-0447","US","office","+17862940447"
"+1 786-966-7878","US","office","+17869667878"
"+1 800-315-5939","US","office","+18003155939"
"+1 800-576-4377","US","office","+18005764377"
"+1 801-212-9192","US","office","+18012129192"
"+1 801-943-0107","US","office","+18019430107"
"+1 803-667-9060","US","office","+18036679060"
"+1 804-418-3946","US","office","+18044183946"
"+1 806-780-5454","US","office","+18067805454"
"+1 808-261-2441","US","office","+18082612441"
"+1 810-673-3355","US","office","+18106733355"
"+1 888-993-3761","US","office","+18889933761"
"+1 919-342-0454","US","office","+19193420454"
"+1 251-435-2400","US","office","+12514352400"
"+1 323-928-2911","US","office","+13239282911"
"+1 480-454-4188","US","office","+14804544188"
"+1 912-384-1781","US","office","+19123841781"
"+1 720-536-8317","US","office","+17205368317"
"+1 845-896-3300","US","office","+18458963300"
"+1 800-544-7441","US","office","+18005447441"
"+1 800-544-7441","US","office","+18005447441"
"+1 800-544-7441","US","office","+18005447441"
"+1 561-394-4492","US","office","+15613944492"
"+1 561-409-2340","US","office","+15614092340"
"+1 562-438-1176","US","office","+15624381176"
"+1 562-961-3668","US","office","+15629613668"
"+1 563-239-9039","US","office","+15632399039"
"+1 570-963-5477","US","office","+15709635477"
"+1 573-443-0075","US","office","+15734430075"
"+1 601-426-4000","US","office","+16014264000"
"+1 601-707-5676","US","office","+16017075676"
"+1 603-417-6608","US","office","+16034176608"
"+1 603-778-7311","US","office","+16037787311"
"+1 604-224-2639","CA","office","+16042242639"
"+1 613-233-7546","CA","office","+16132337546"
"+1 614-255-3400","US","office","+16142553400"
"+1 617-982-7456","US","office","+16179827456"
"+1 619-537-0127","US","office","+16195370127"
"+1 619-557-3663","US","office","+16195573663"
"+1 631-400-9669","US","office","+16314009669"
"+1 410-939-4341","US","office","+14109394341"
"+1 412-391-0100","US","office","+14123910100"
"+1 424-280-4003","US","office","+14242804003"
"+1 440-268-6100","US","office","+14402686100"
"+1 440-743-0052","US","office","+14407430052"
"+1 458-201-8969","US","office","+14582018969"
"+1 479-268-4573","US","office","+14792684573"
"+1 479-876-8004","US","office","+14798768004"
"+1 801-872-7000","US","office","+18018727000"
"+1 801-921-2260","US","office","+18019212260"
"+1 801-943-0107","US","office","+18019430107"
"+1 802-254-2747","US","office","+18022542747"
"+1 802-425-2810","US","office","+18024252810"
"+1 805-919-8485","US","office","+18059198485"
"+1 813-515-4181","US","office","+18135154181"
"+1 816-272-5006","US","office","+18162725006"
"+1 816-333-4430","US","office","+18163334430"
"+1 818-249-4628","US","office","+18182494628"
"+1 818-889-3634","US","office","+18188893634"
"+1 727-498-6992","US","office","+17274986992"
"+1 732-303-1416","US","office","+17323031416"
"+1 732-494-3232","US","office","+17324943232"
"+1 754-400-7708","US","office","+17544007708"
"+1 760-934-8511","US","office","+17609348511"
"+1 765-983-3000","US","office","+17659833000"
"+1 770-389-0734","US","office","+17703890734"
"+1 770-507-2800","US","office","+17705072800"
"+1 770-558-9773","US","office","+17705589773"
"+1 772-219-7655","US","office","+17722197655"
"+1 772-800-7784","US","office","+17728007784"
"+1 773-235-3455","US","office","+17732353455"
"+1 781-276-1773","US","office","+17812761773"
"+1 781-284-6677","US","office","+17812846677"
"+1 901-730-0430","US","office","+19017300430"
"+1 904-372-9137","US","office","+19043729137"
"+1 904-647-6418","US","office","+19046476418"
"+1 904-686-7525","US","office","+19046867525"
"+1 905-655-3153","CA","office","+19056553153"
"+1 905-695-6956","CA","office","+19056956956"
"+1 905-726-9333","CA","office","+19057269333"
"+1 908-450-7660","US","office","+19084507660"
"+1 910-791-3200","US","office","+19107913200"
"+1 910-846-2348","US","office","+19108462348"
"+1 912-441-4891","US","office","+19124414891"
"+1 914-694-4841","US","other","+19146944841"
"+1 916-406-0000","US","office","+19164060000"
"+1 918-299-5500","US","office","+19182995500"
"+1 918-932-8810","US","office","+19189328810"
"+1 919-563-2887","US","office","+19195632887"
"+1 847-577-3000","US","office","+18475773000"
"+1 847-892-4007","US","office","+18478924007"
"+1 850-727-5088","US","office","+18507275088"
"+1 855-204-0004","US","office","+18552040004"
"+1 855-456-3030","US","office","+18554563030"
"+1 855-855-6484","US","office","+18558556484"
"+1 860-233-3692","US","office","+18602333692"
"+1 864-540-0888","US","office","+18645400888"
"+1 864-708-1082","US","office","+18647081082"
"+1 866-662-3529","US","office","+18666623529"
"+1 870-206-9272","US","office","+18702069272"
"+1 870-333-5737","US","office","+18703335737"
"+1 870-432-9468","US","office","+18704329468"
"+1 877-846-9997","US","office","+18778469997"
"+1 888-905-8724","US","office","+18889058724"
"+1 770-766-7028","US","office","+17707667028"
"+1 770-771-6865","US","office","+17707716865"
"+1 772-320-9791","US","office","+17723209791"
"+1 772-444-8482","US","office","+17724448482"
"+1 772-800-7784","US","office","+17728007784"
"+1 775-831-4212","US","office","+17758314212"
"+1 781-276-1773","US","office","+17812761773"
"+1 786-238-7714","US","office","+17862387714"
"+1 786-254-7100","US","office","+17862547100"
"+1 786-431-5122","US","office","+17864315122"
"+1 786-502-2260","US","office","+17865022260"
"+1 786-534-8877","US","office","+17865348877"
"+1 786-953-5254","US","office","+17869535254"
"+1 801-293-3100","US","office","+18012933100"
"+1 801-607-5415","US","office","+18016075415"
"+1 507-206-6217","US","office","+15072066217"
"+1 507-208-4237","US","office","+15072084237"
"+1 507-222-4000","US","office","+15072224000"
"+1 508-471-4154","US","office","+15084714154"
"+1 508-528-8900","US","office","+15085288900"
"+1 508-854-1343","US","office","+15088541343"
"+1 509-458-7686","US","office","+15094587686"
"+1 509-467-3488","US","other","+15094673488"
"+1 512-328-4100","US","office","+15123284100"
"+1 512-524-7608","US","office","+15125247608"
"+1 514-398-7000","CA","office","+15143987000"
"+1 514-656-5051","CA","office","+15146565051"
"+1 515-270-7009","US","office","+15152707009"
"+1 515-965-5677","US","office","+15159655677"
"+1 515-967-4345","US","office","+15159674345"
"+1 516-728-6582","US","office","+15167286582"
"+1 540-529-5692","US","office","+15405295692"
"+1 540-940-6103","US","office","+15409406103"
"+1 559-299-2301","US","office","+15592992301"
"+1 661-721-3303","US","office","+16617213303"
"+1 662-874-5532","US","office","+16628745532"
"+1 678-653-8696","US","office","+16786538696"
"+1 702-586-3103","US","office","+17025863103"
"+1 702-705-7546","US","office","+17027057546"
"+1 703-288-3000","US","office","+17032883000"
"+1 703-324-7329","US","office","+17033247329"
"+1 704-655-8988","US","office","+17046558988"
"+1 707-258-6053","US","office","+17072586053"
"+1 708-590-6543","US","office","+17085906543"
"+1 713-799-0000","US","office","+17137990000"
"+1 717-509-4459","US","office","+17175094459"
"+1 718-797-2872","US","office","+17187972872"
"+1 724-542-4966","US","office","+17245424966"
"+1 315-870-3088","US","office","+13158703088"
"+1 317-632-8820","US","office","+13176328820"
"+1 319-200-2061","US","office","+13192002061"
"+1 319-236-7752","US","office","+13192367752"
"+1 319-242-6723","US","office","+13192426723"
"+1 319-665-2548","US","office","+13196652548"
"+1 319-861-3223","US","office","+13198613223"
"+1 323-380-5492","US","office","+13233805492"
"+1 323-897-5137","US","office","+13238975137"
"+1 330-665-2555","US","office","+13306652555"
"+1 334-887-1180","US","office","+13348871180"
"+1 352-271-5388","US","office","+13522715388"
"+1 385-685-5114","US","office","+13856855114"
"+1 401-637-7880","US","office","+14016377880"
"+1 402-267-5152","US","office","+14022675152"
"+1 402-571-6630","US","office","+14025716630"
"+1 864-722-9035","US","office","+18647229035"
"+1 864-991-8403","US","office","+18649918403"
"+1 870-333-5737","US","office","+18703335737"
"+1 870-336-1793","US","office","+18703361793"
"+1 870-639-6038","US","office","+18706396038"
"+1 888-550-2769","US","office","+18885502769"
"+1 902-445-5155","CA","office","+19024455155"
"+1 904-619-7078","US","office","+19046197078"
"+1 904-694-0992","US","office","+19046940992"
"+1 904-834-3440","US","office","+19048343440"
"+1 904-874-5775","US","office","+19048745775"
"+1 905-458-7364","CA","office","+19054587364"
"+1 909-629-1600","US","office","+19096291600"
"+1 912-289-9273","US","office","+19122899273"
"+1 912-384-1781","US","office","+19123841781"
"+1 954-533-6373","US","office","+19545336373"
"+1 954-780-9060","US","office","+19547809060"
"+1 212-929-2950","US","office","+12129292950"
"+1 267-787-2463","US","office","+12677872463"
"+1 270-557-7809","US","office","+12705577809"
"+1 413-203-5200","US","office","+14132035200"
"+1 417-269-3000","US","office","+14172693000"
"+1 503-494-8311","US","office","+15034948311"
"+1 503-646-5186","US","office","+15036465186"
"+1 563-556-6496","US","office","+15635566496"
"+1 650-584-3465","US","other","+16505843465"
"+1 740-695-0215","US","office","+17406950215"
"+1 716-881-2057","US","office","+17168812057"
"+1 717-509-4459","US","office","+17175094459"
"+1 719-447-9281","US","office","+17194479281"
"+1 727-223-3223","US","office","+17272233223"
"+1 727-250-4148","US","office","+17272504148"
"+1 727-344-3897","US","office","+17273443897"
"+1 727-498-6992","US","office","+17274986992"
"+1 727-571-1923","US","office","+17275711923"
"+1 731-300-4031","US","office","+17313004031"
"+1 731-734-1021","US","office","+17317341021"
"+1 754-210-3064","US","office","+17542103064"
"+1 754-400-7708","US","office","+17544007708"
"+1 757-498-8455","US","office","+17574988455"
"+1 757-689-4207","US","office","+17576894207"
"+1 765-983-3000","US","office","+17659833000"
"+1 770-345-1111","US","office","+17703451111"
"+1 401-792-9800","US","office","+14017929800"
"+1 404-209-7546","US","office","+14042097546"
"+1 404-343-6101","US","office","+14043436101"
"+1 405-324-2179","US","office","+14053242179"
"+1 405-486-7450","US","office","+14054867450"
"+1 405-585-5220","US","office","+14055855220"
"+1 405-849-9373","US","office","+14058499373"
"+1 406-243-0211","US","office","+14062430211"
"+1 406-294-5040","US","office","+14062945040"
"+1 406-586-1737","US","office","+14065861737"
"+1 407-237-9760","US","office","+14072379760"
"+1 407-395-9235","US","office","+14073959235"
"+1 407-704-3608","US","office","+14077043608"
"+1 407-898-5788","US","office","+14078985788"
"+1 407-960-2177","US","office","+14079602177"
"+1 408-320-4868","US","office","+14083204868"
"+1 410-414-9001","US","office","+14104149001"
"+1 203-590-9898","US","office","+12035909898"
"+1 205-414-6062","US","office","+12054146062"
"+1 205-553-1500","US","office","+12055531500"
"+1 205-783-1020","US","office","+12057831020"
"+1 205-980-7772","US","office","+12059807772"
"+1 205-991-8083","US","office","+12059918083"
"+1 206-622-6444","US","office","+12066226444"
"+1 207-288-3121","US","office","+12072883121"
"+1 207-467-3757","US","office","+12074673757"
"+1 208-297-7949","US","office","+12082977949"
"+1 209-532-1202","US","office","+12095321202"
"+1 212-929-2950","US","office","+12129292950"
"+1 212-957-4045","US","office","+12129574045"
"+1 213-228-2828","US","office","+12132282828"
"+1 217-398-4856","US","office","+12173984856"
"+1 217-864-5000","US","office","+12178645000"
"+1 224-723-5408","US","office","+12247235408"
"+1 225-778-7540","US","office","+12257787540"
"+1 931-253-1110","US","office","+19312531110"
"+1 941-388-0940","US","office","+19413880940"
"+1 949-631-9009","US","office","+19496319009"
"+1 949-724-6000","US","office","+19497246000"
"+1 952-378-4348","US","office","+19523784348"
"+1 954-432-8856","US","office","+19544328856"
"+1 954-491-4969","US","other","+19544914969"
"+1 954-505-3480","US","office","+19545053480"
"+1 954-533-6373","US","office","+19545336373"
"+1 954-796-0005","US","office","+19547960005"
"+1 970-460-9044","US","office","+19704609044"
"+1 970-493-7222","US","office","+19704937222"
"+1 970-945-9107","US","office","+19709459107"
"+1 972-987-4430","US","office","+19729874430"
"+1 973-638-1934","US","office","+19736381934"
"+1 201-938-1000 ext. 1","US","office","+12019381000x1"
"+1 417-447-7777","US","office","+14174477777"
"+1 423-425-4111","US","office","+14234254111"
"+1 423-643-9642","US","office","+14236439642"
"+1 470-308-3793","US","office","+14703083793"
"+1 470-545-4732","US","office","+14705454732"
"+1 479-268-4573","US","office","+14792684573"
"+1 479-521-3232","US","office","+14795213232"
"+1 479-551-2800","US","office","+14795512800"
"+1 479-648-1107","US","office","+14796481107"
"+1 479-668-0168","US","office","+14796680168"
"+1 480-844-9600","US","office","+14808449600"
"+1 501-771-0445","US","office","+15017710445"
"+1 501-779-8554","US","office","+15017798554"
"+1 228-731-3570","US","office","+12287313570"
"+1 239-260-5060","US","office","+12392605060"
"+1 239-322-3815","US","office","+12393223815"
"+1 239-424-8161","US","office","+12394248161"
"+1 239-471-7029","US","office","+12394717029"
"+1 239-471-7620","US","office","+12394717620"
"+1 250-860-6900","CA","office","+12508606900"
"+1 251-246-5761","US","office","+12512465761"
"+1 251-435-2400","US","office","+12514352400"
"+1 253-267-5114","US","office","+12532675114"
"+1 262-646-4727","US","office","+12626464727"
"+1 262-650-8000","US","office","+12626508000"
"+1 267-787-2463","US","office","+12677872463"
"+1 269-341-7788","US","office","+12693417788"
"+1 270-534-5641","US","office","+12705345641"
"+1 651-461-4770","US","office","+16514614770"
"+1 651-773-9901","US","office","+16517739901"
"+1 660-262-7770","US","office","+16602627770"
"+1 662-782-0300","US","office","+16627820300"
"+1 678-282-0051","US","office","+16782820051"
"+1 678-974-5684","US","office","+16789745684"
"+1 702-228-5171","US","office","+17022285171"
"+1 702-368-2696","US","office","+17023682696"
"+1 702-992-3553","US","office","+17029923553"
"+1 703-935-9100","US","office","+17039359100"
"+1 703-992-9290","US","office","+17039929290"
"+1 704-708-4866","US","office","+17047084866"
"+1 705-675-6777","CA","office","+17056756777"
"+1 706-434-8304","US","office","+17064348304"
"+1 708-590-6543","US","office","+17085906543"
"+1 712-224-3500","US","office","+17122243500"
"+1 713-523-6000","US","office","+17135236000"
"+1 715-343-0212","US","office","+17153430212"
"+1 203-265-7880","US","office","+12032657880"
"+1 205-248-2636","US","office","+12052482636"
"+1 205-414-6062","US","office","+12054146062"
"+1 205-438-6009","US","office","+12054386009"
"+1 205-861-2546","US","office","+12058612546"
"+1 206-622-6444","US","office","+12066226444"
"+1 207-498-6334","US","office","+12074986334"
"+1 208-297-7949","US","office","+12082977949"
"+1 209-722-6203","US","office","+12097226203"
"+1 210-569-0611","US","office","+12105690611"
"+1 210-822-0584","US","office","+12108220584"
"+1 212-858-0305","US","office","+12128580305"
"+1 212-929-2950","US","office","+12129292950"
"+1 213-228-2828","US","office","+12132282828"
"+1 215-968-0600","US","office","+12159680600"
"+1 216-510-0977","US","office","+12165100977"
"+1 217-224-5104","US","office","+12172245104"
"+1 217-333-3806","US","office","+12173333806"
"+1 217-762-3839","US","office","+12177623839"
"+1 217-784-4251","US","office","+12177844251"
"+1 218-301-0244","US","office","+12183010244"
"+1 225-364-2257","US","office","+12253642257"
"+1 819-243-7667","CA","office","+18192437667"
"+1 828-865-7425","US","office","+18288657425"
"+1 833-333-9473","US","office","+18333339473"
"+1 843-715-2001","US","office","+18437152001"
"+1 843-789-3646","US","office","+18437893646"
"+1 844-548-2100","US","office","+18445482100"
"+1 845-473-3966","US","office","+18454733966"
"+1 845-896-3300","US","office","+18458963300"
"+1 855-465-4832","US","office","+18554654832"
"+1 855-550-2348","US","office","+18555502348"
"+1 856-256-4000","US","office","+18562564000"
"+1 860-236-4571","US","office","+18602364571"
"+1 860-895-8533","US","office","+18608958533"
"+1 562-438-1176","US","office","+15624381176"
"+1 562-448-2082","US","office","+15624482082"
"+1 563-583-8256","US","office","+15635838256"
"+1 575-556-9954","US","office","+15755569954"
"+1 601-265-2129","US","office","+16012652129"
"+1 602-368-1221","US","office","+16023681221"
"+1 602-468-9642","US","office","+16024689642"
"+1 607-217-7634","US","office","+16072177634"
"+1 608-241-9007","US","office","+16082419007"
"+1 608-709-1314","US","office","+16087091314"
"+1 608-831-6500","US","office","+16088316500"
"+1 608-837-4646","US","office","+16088374646"
"+1 608-850-4333","US","office","+16088504333"
"+1 480-564-1007","US","office","+14805641007"
"+1 480-813-3856","US","office","+14808133856"
"+1 501-224-3223","US","office","+15012243223"
"+1 501-500-0272","US","office","+15015000272"
"+1 502-896-5000","US","office","+15028965000"
"+1 503-236-8697","US","office","+15032368697"
"+1 503-364-8782","US","office","+15033648782"
"+1 503-393-1080","US","office","+15033931080"
"+1 503-494-8311","US","office","+15034948311"
"+1 503-646-5186","US","office","+15036465186"
"+1 503-809-2796","US","office","+15038092796"
"+1 504-475-1000","US","office","+15044751000"
"+1 504-821-4896","US","office","+15048214896"
"+1 504-897-0143","US","office","+15048970143"
"+1 505-508-2437","US","office","+15055082437"
"+1 505-681-6657","US","office","+15056816657"
"+1 505-872-3348","US","office","+15058723348"
"+1 231-747-9778","US","office","+12317479778"
"+1 239-245-8899","US","office","+12392458899"
"+1 239-277-9999","US","office","+12392779999"
"+1 239-322-3815","US","office","+12393223815"
"+1 239-471-7029","US","office","+12394717029"
"+1 239-936-3333","US","office","+12399363333"
"+1 240-907-5010","US","office","+12409075010"
"+1 248-792-7590","US","office","+12487927590"
"+1 248-879-3141","US","office","+12488793141"
"+1 250-860-6900","CA","office","+12508606900"
"+1 251-343-5115","US","office","+12513435115"
"+1 256-858-1344","US","other","+12568581344"
"+1 281-362-0014","US","office","+12813620014"
"+1 281-771-5569","US","office","+12817715569"
"+1 281-940-2788","US","office","+12819402788"
"+1 301-238-7080","US","office","+13012387080"
"+1 301-493-4334","US","office","+13014934334"
"+1 301-652-7368","US","office","+13016527368"
"+1 301-884-8096","US","office","+13018848096"
"+1 303-671-9586","US","office","+13036719586"
"+1 304-263-4200","US","office","+13042634200"
"+1 304-291-3547","US","office","+13042913547"
"+1 608-819-6544","US","office","+16088196544"
"+1 610-355-3236","US","office","+16103553236"
"+1 610-434-3343","US","office","+16104343343"
"+1 610-873-9620","US","office","+16108739620"
"+1 612-260-7931","US","office","+16122607931"
"+1 613-205-0788","CA","office","+16132050788"
"+1 613-574-3222","CA","office","+16135743222"
"+1 614-488-0004","US","office","+16144880004"
"+1 618-416-8286","US","office","+16184168286"
"+1 620-340-6300","US","office","+16203406300"
"+1 630-544-2050","US","office","+16305442050"
"+1 647-352-2348","CA","office","+16473522348"
"+1 651-330-8642","US","office","+16513308642"
"+1 651-342-1063","US","office","+16513421063"
"+1 304-757-7293","US","office","+13047577293"
"+1 305-381-8837","US","office","+13053818837"
"+1 305-506-2223","US","office","+13055062223"
"+1 305-629-9064","US","office","+13056299064"
"+1 305-677-1634","US","office","+13056771634"
"+1 305-863-1888","US","office","+13058631888"
"+1 310-271-5954","US","office","+13102715954"
"+1 310-450-6870","US","office","+13104506870"
"+1 310-659-9911","US","office","+13106599911"
"+1 310-937-2007","US","office","+13109372007"
"+1 310-978-1800","US","office","+13109781800"
"+1 312-261-0872","US","office","+13122610872"
"+1 312-755-0088","US","office","+13127550088"
"+1 312-846-1529","US","office","+13128461529"
"+1 312-850-9744","US","office","+13128509744"
"+1 312-872-7088","US","office","+13128727088"
"+1 313-592-0939","US","office","+13135920939"
"+1 315-312-2500","US","office","+13153122500"
"+1 281-771-5569","US","office","+12817715569"
"+1 301-656-6398","US","office","+13016566398"
"+1 303-955-0911","US","office","+13039550911"
"+1 305-599-3649","US","other","+13055993649"
"+1 305-600-6083","US","office","+13056006083"
"+1 305-662-2083","US","office","+13056622083"
"+1 305-692-9154","US","office","+13056929154"
"+1 305-698-4000","US","office","+13056984000"
"+1 307-771-2100","US","office","+13077712100"
"+1 308-728-4200","US","office","+13087284200"
"+1 310-784-1817","US","office","+13107841817"
"+1 312-202-9000","US","office","+13122029000"
"+1 312-261-0872","US","office","+13122610872"
"+1 312-643-1333","US","office","+13126431333"
"+1 312-722-6977","US","office","+13127226977"
"+1 312-755-0088","US","office","+13127550088"
"+1 312-850-9744","US","office","+13128509744"
"+1 312-915-0195","US","office","+13129150195"
"+1 312-929-4508","US","office","+13129294508"
"+1 314-394-1867","US","office","+13143941867"
"+1 314-968-9494","US","office","+13149689494"
"+1 315-423-6598","US","office","+13154236598"
"+1 317-632-8820","US","other","+13176328820"
"+1 319-365-7721","US","office","+13193657721"
"+1 321-397-1212","US","office","+13213971212"
"+1 323-340-1469","US","office","+13233401469"
"+1 323-897-5137","US","office","+13238975137"
"+1 334-710-2498","US","office","+13347102498"
"+1 334-737-6126","US","office","+13347376126"
"+1 336-431-0763","US","office","+13364310763"
"+1 352-629-8154","US","office","+13526298154"
"+1 385-270-5185","US","office","+13852705185"
"+1 405-378-2226","US","office","+14053782226"
"+1 406-894-2034","US","office","+14068942034"
"+1 407-217-6308","US","office","+14072176308"
"+1 407-250-4088","US","direct","+14072504088"
"+1 407-395-9235","US","office","+14073959235"
"+1 407-704-3608","US","office","+14077043608"
"+1 407-898-9804","US","office","+14078989804"
"+1 410-266-8604","US","office","+14102668604"
"+1 410-553-9444","US","office","+14105539444"
"+1 410-561-5040","US","office","+14105615040"
"+1 410-866-1713","US","office","+14108661713"
"+1 410-891-0096","US","office","+14108910096"
"+1 410-964-9858","US","office","+14109649858"
"+1 914-725-5414","US","office","+19147255414"
"+1 916-548-2444","US","office","+19165482444"
"+1 916-645-7856","US","office","+19166457856"
"+1 918-494-8300","US","office","+19184948300"
"+1 919-934-5151","US","office","+19199345151"
"+1 920-424-1234","US","office","+19204241234"
"+1 928-532-4000","US","office","+19285324000"
"+1 937-470-9492","US","office","+19374709492"
"+1 941-388-0940","US","office","+19413880940"
"+1 949-631-9009","US","office","+19496319009"
"+1 949-644-2442","US","office","+19496442442"
"+1 949-653-7000","US","office","+19496537000"
"+1 949-894-4772","US","office","+19498944772"
"+1 951-683-9001","US","office","+19516839001"
"+1 952-456-7650","US","office","+19524567650"
"+1 954-251-1130","US","office","+19542511130"
"+1 954-432-8856","US","office","+19544328856"
"+1 201-938-1000 ext. 1","US","office","+12019381000x1"
"+1 501-904-5196","US","office","+15019045196"
"+1 502-384-9222","US","office","+15023849222"
"+1 503-242-5500","US","office","+15032425500"
"+1 503-303-4078","US","office","+15033034078"
"+1 503-361-2344","US","office","+15033612344"
"+1 503-390-1065","US","office","+15033901065"
"+1 504-267-0562","US","office","+15042670562"
"+1 504-766-0469","US","office","+15047660469"
"+1 504-821-4896","US","office","+15048214896"
"+1 505-312-8442","US","office","+15053128442"
"+1 505-398-9430","US","office","+15053989430"
"+1 505-508-3557","US","office","+15055083557"
"+1 505-565-0070","US","office","+15055650070"
"+1 505-772-0185","US","office","+15057720185"
"+1 505-865-4818","US","office","+15058654818"
"+1 505-891-4510","US","office","+15058914510"
"+1 507-206-6217","US","office","+15072066217"
"+1 507-208-4237","US","office","+15072084237"
"+1 813-259-3606","US","office","+18132593606"
"+1 813-343-2860","US","office","+18133432860"
"+1 813-348-3700","US","office","+18133483700"
"+1 813-450-1939","US","office","+18134501939"
"+1 813-515-4181","US","other","+18135154181"
"+1 813-669-3409","US","office","+18136693409"
"+1 813-874-7674","US","office","+18138747674"
"+1 814-337-8715","US","office","+18143378715"
"+1 816-325-3132","US","office","+18163253132"
"+1 816-434-5108","US","office","+18164345108"
"+1 816-552-5400","US","office","+18165525400"
"+1 816-946-8484","US","office","+18169468484"
"+1 817-831-5482","US","office","+18178315482"
"+1 817-849-2117","US","office","+18178492117"
"+1 818-358-4870","US","office","+18183584870"
"+1 828-209-6900","US","office","+18282096900"
"+1 828-322-1498","US","office","+18283221498"
"+1 828-865-7425","US","office","+18288657425"
"+1 843-225-6622","US","office","+18432256622"
"+1 843-261-8911","US","office","+18432618911"
"+1 843-686-9348","US","office","+18436869348"
"+1 507-285-5505","US","office","+15072855505"
"+1 508-471-4154","US","office","+15084714154"
"+1 509-458-7686","US","office","+15094587686"
"+1 510-651-2500","US","office","+15106512500"
"+1 514-288-8221","CA","office","+15142888221"
"+1 515-967-4345","US","office","+15159674345"
"+1 515-987-5188","US","office","+15159875188"
"+1 518-280-6434","US","office","+15182806434"
"+1 530-753-5683","US","office","+15307535683"
"+1 530-757-2796","US","office","+15307572796"
"+1 540-529-5692","US","office","+15405295692"
"+1 559-431-3600","US","office","+15594313600"
"+1 561-394-4492","US","office","+15613944492"
"+1 561-630-3118","US","office","+15616303118"
"+1 561-877-5300","US","office","+15618775300"
"+1 562-205-8472","US","office","+15622058472"
"+1 785-749-2424","US","office","+17857492424"
"+1 786-254-7100","US","office","+17862547100"
"+1 786-431-5122","US","office","+17864315122"
"+1 786-452-0747","US","office","+17864520747"
"+1 786-536-6117","US","office","+17865366117"
"+1 786-542-5140","US","office","+17865425140"
"+1 800-313-7208","US","office","+18003137208"
"+1 800-544-7441","US","office","+18005447441"
"+1 801-216-4160","US","office","+18012164160"
"+1 801-272-4178","US","office","+18012724178"
"+1 801-419-0705","US","office","+18014190705"
"+1 801-475-4300","US","office","+18014754300"
"+1 801-785-9668","US","office","+18017859668"
"+1 802-254-2747","US","office","+18022542747"
"+1 802-860-3343","US","office","+18028603343"
"+1 805-541-1100","US","office","+18055411100"
"+1 805-781-8181","US","office","+18057818181"
"+1 786-254-7100","US","office","+17862547100"
"+1 800-210-2370","US","office","+18002102370"
"+1 844-645-5772","US","office","+18446455772"
"+1 870-333-5737","US","office","+18703335737"
"+1 877-721-4547","US","office","+18777214547"
"+1 910-791-3200","US","office","+19107913200"
"+1 800-544-7441","US","office","+18005447441"
"+1 800-576-4377","US","office","+18005764377"
"+1 916-406-0000","US","office","+19164060000"
"+1 877-721-4547","US","office","+18777214547"
"+1 720-536-8317","US","office","+17205368317"
"+1 800-544-7441","US","office","+18005447441"
"+1 866-541-3570","US","office","+18665413570"
"+1 561-204-5033","US","office","+15612045033"
"+1 573-507-6580","US","office","+15735076580"
"+1 573-874-3235","US","office","+15738743235"
"+1 575-288-1336","US","office","+15752881336"
"+1 575-556-9954","US","office","+15755569954"
"+1 575-630-0515","US","office","+15756300515"
"+1 575-652-4111","US","office","+15756524111"
"+1 575-964-8550","US","office","+15759648550"
"+1 601-265-2129","US","office","+16012652129"
"+1 601-939-2457","US","office","+16019392457"
"+1 604-629-6299","CA","office","+16046296299"
"+1 604-738-7653","CA","office","+16047387653"
"+1 605-224-1425","US","office","+16052241425"
"+1 608-262-8244","US","office","+16082628244"
"+1 610-433-0011","US","office","+16104330011"
"+1 610-834-8533","US","office","+16108348533"
"+1 613-574-3222","CA","office","+16135743222"
"+1 614-481-8080","US","office","+16144818080"
"+1 615-432-2579","US","office","+16154322579"
"+1 617-252-0020","US","office","+16172520020"
"+1 619-303-2201","US","office","+16193032201"
"+1 630-554-7353","US","office","+16305547353"
"+1 630-717-5760","US","office","+16307175760"
"+1 636-204-4301","US","office","+16362044301"
"+1 647-352-2348","CA","office","+16473522348"
"+1 651-222-4490","US","office","+16512224490"
"+1 412-276-7905","US","office","+14122767905"
"+1 412-561-4766","US","office","+14125614766"
"+1 413-283-4455","US","office","+14132834455"
"+1 414-453-5425","US","office","+14144535425"
"+1 415-383-6494","US","office","+14153836494"
"+1 415-440-6800","US","office","+14154406800"
"+1 417-447-7777","US","office","+14174477777"
"+1 417-720-1672","US","office","+14177201672"
"+1 423-425-4111","US","office","+14234254111"
"+1 424-558-8993","US","office","+14245588993"
"+1 425-831-7782","US","office","+14258317782"
"+1 435-753-7500","US","office","+14357537500"
"+1 450-375-6234","CA","office","+14503756234"
"+1 479-668-0168","US","office","+14796680168"
"+1 479-876-8111","US","office","+14798768111"
"+1 480-248-9987","US","office","+14802489987"
"+1 480-292-1110","US","office","+14802921110"
"+1 801-882-2200","US","office","+18018822200"
"+1 801-987-8786","US","office","+18019878786"
"+1 802-448-3768","US","office","+18024483768"
"+1 804-418-3946","US","office","+18044183946"
"+1 806-780-5454","US","office","+18067805454"
"+1 813-284-0954","US","office","+18132840954"
"+1 813-427-4700","US","office","+18134274700"
"+1 813-807-7200","US","office","+18138077200"
"+1 814-337-8715","US","office","+18143378715"
"+1 815-399-8395","US","office","+18153998395"
"+1 815-439-9900","US","office","+18154399900"
"+1 817-251-9280","US","office","+18172519280"
"+1 817-831-5482","US","office","+18178315482"
"+1 817-849-2117","US","office","+18178492117"
"+1 818-308-7382","US","office","+18183087382"
"+1 727-575-7137","US","office","+17275757137"
"+1 734-780-7070","US","office","+17347807070"
"+1 754-210-3064","US","office","+17542103064"
"+1 770-345-1111","US","office","+17703451111"
"+1 770-667-0904","US","office","+17706670904"
"+1 770-948-8000","US","office","+17709488000"
"+1 772-408-9418","US","office","+17724089418"
"+1 903-306-0838","US","office","+19033060838"
"+1 905-459-6255","CA","office","+19054596255"
"+1 916-452-1581","US","office","+19164521581"
"+1 916-647-3935","US","office","+19166473935"
"+1 916-780-2021","US","office","+19167802021"
"+1 919-342-0454","US","office","+19193420454"
"+1 920-457-0664","US","office","+19204570664"
"+1 844-899-6462","US","office","+18448996462"
"+1 845-482-2514","US","office","+18454822514"
"+1 847-387-3610","US","office","+18473873610"
"+1 855-694-6682","US","office","+18556946682"
"+1 855-954-7843","US","office","+18559547843"
"+1 860-430-1088","US","office","+18604301088"
"+1 860-895-8533","US","office","+18608958533"
"+1 870-336-1793","US","office","+18703361793"
"+1 888-550-2769","US","office","+18885502769"
"+1 901-244-6529","US","office","+19012446529"
"+1 770-649-1074","US","office","+17706491074"
"+1 786-452-0747","US","office","+17864520747"
"+1 786-502-2800","US","office","+17865022800"
"+1 800-544-7441","US","office","+18005447441"
"+1 801-422-1005","US","office","+18014221005"
"+1 801-857-7447","US","office","+18018577447"
"+1 509-638-0555","US","office","+15096380555"
"+1 509-826-5552","US","office","+15098265552"
"+1 512-275-6448","US","office","+15122756448"
"+1 540-693-5286","US","office","+15406935286"
"+1 540-887-8200","US","office","+15408878200"
"+1 559-271-9400","US","office","+15592719400"
"+1 651-900-1295","US","office","+16519001295"
"+1 662-377-3000","US","office","+16623773000"
"+1 702-616-1022","US","office","+17026161022"
"+1 717-232-6310","US","office","+17172326310"
"+1 718-740-2673","US","office","+17187402673"
"+1 315-484-1000","US","office","+13154841000"
"+1 317-274-3432","US","office","+13172743432"
"+1 318-798-4325","US","office","+13187984325"
"+1 318-816-4949","US","office","+13188164949"
"+1 318-888-3792","US","office","+13188883792"
"+1 323-413-2287","US","office","+13234132287"
"+1 323-739-9138","US","office","+13237399138"
"+1 330-487-0810","US","office","+13304870810"
"+1 385-270-5185","US","office","+13852705185"
"+1 864-708-1082","US","office","+18647081082"
"+1 870-432-9468","US","office","+18704329468"
"+1 888-596-2352","US","office","+18885962352"
"+1 888-968-3481","US","office","+18889683481"
"+1 904-647-6418","US","office","+19046476418"
"+1 905-333-9889","CA","office","+19053339889"
"+1 905-459-6255","CA","office","+19054596255"
"+1 908-638-4687","US","office","+19086384687"
"+1 910-487-8326","US","office","+19104878326"
"+1 912-225-9695","US","office","+19122259695"
"+1 973-638-1934","US","office","+19736381934"
"+1 978-409-2228","US","office","+19784092228"
"+1 208-297-7949","US","office","+12082977949"
"+1 424-206-1596","US","office","+14242061596"
"+1 508-625-2098","US","other","+15086252098"
"+1 509-638-0555","US","office","+15096380555"
"+1 608-241-9007","US","office","+16082419007"
"+1 717-585-0057","US","office","+17175850057"
"+1 717-922-5484","US","office","+17179225484"
"+1 718-797-2872","US","office","+17187972872"
"+1 719-637-3755","US","office","+17196373755"
"+1 720-536-8317","US","office","+17205368317"
"+1 724-357-2590","US","office","+17243572590"
"+1 727-330-7769","US","office","+17273307769"
"+1 732-227-1256","US","direct","+17322271256"
"+1 732-303-1416","US","office","+17323031416"
"+1 760-228-9100","US","office","+17602289100"
"+1 760-934-8511","US","office","+17609348511"
"+1 770-507-2800","US","office","+17705072800"
"+1 401-816-6650","US","office","+14018166650"
"+1 405-437-1666","US","office","+14054371666"
"+1 405-849-5622","US","office","+14058495622"
"+1 406-534-2760","US","office","+14065342760"
"+1 407-442-3313","US","office","+14074423313"
"+1 410-379-1330","US","office","+14103791330"
"+1 410-449-2060","US","office","+14104492060"
"+1 410-553-9444","US","office","+14105539444"
"+1 410-561-5040","US","office","+14105615040"
"+1 410-866-1713","US","office","+14108661713"
"+1 210-598-9546","US","office","+12105989546"
"+1 210-999-5757","US","office","+12109995757"
"+1 216-510-0977","US","office","+12165100977"
"+1 949-894-4772","US","office","+19498944772"
"+1 951-541-6711","US","office","+19515416711"
"+1 952-835-9000","US","office","+19528359000"
"+1 954-345-9642","US","office","+19543459642"
"+1 954-399-8793","US","office","+19543998793"
"+1 201-963-7774","US","office","+12019637774"
"+1 203-210-7450","US","office","+12032107450"
"+1 203-295-8370","US","office","+12032958370"
"+1 417-622-4164","US","office","+14176224164"
"+1 417-626-7040","US","office","+14176267040"
"+1 424-206-1596","US","office","+14242061596"
"+1 435-658-1013","US","office","+14356581013"
"+1 450-375-2552","CA","office","+14503752552"
"+1 458-201-8969","US","office","+14582018969"
"+1 469-854-6414","US","office","+14698546414"
"+1 475-221-8928","US","office","+14752218928"
"+1 480-551-2040","US","office","+14805512040"
"+1 480-564-1007","US","office","+14805641007"
"+1 225-767-0646","US","office","+12257670646"
"+1 225-778-7540","US","office","+12257787540"
"+1 229-391-4930","US","office","+12293914930"
"+1 239-245-8899","US","office","+12392458899"
"+1 251-343-9100","US","office","+12513439100"
"+1 252-565-5298","US","office","+12525655298"
"+1 256-542-9088","US","office","+12565429088"
"+1 651-330-5253","US","office","+16513305253"
"+1 651-330-8642","US","office","+16513308642"
"+1 662-584-2943","US","office","+16625842943"
"+1 662-874-5532","US","office","+16628745532"
"+1 703-288-3000","US","office","+17032883000"
"+1 703-992-9815","US","office","+17039929815"
"+1 705-726-6259","CA","office","+17057266259"
"+1 706-653-1444","US","office","+17066531444"
"+1 713-799-0000","US","office","+17137990000"
"+1 203-295-8370","US","office","+12032958370"
"+1 205-553-1500","US","office","+12055531500"
"+1 205-981-0414","US","office","+12059810414"
"+1 207-338-3955","US","office","+12073383955"
"+1 207-761-0177","US","office","+12077610177"
"+1 210-259-8432","US","office","+12102598432"
"+1 213-406-8099","US","office","+12134068099"
"+1 214-702-5225","US","office","+12147025225"
"+1 217-398-4856","US","office","+12173984856"
"+1 217-679-3598","US","office","+12176793598"
"+1 828-322-1498","US","office","+18283221498"
"+1 830-569-3648","US","office","+18305693648"
"+1 845-419-5219","US","office","+18454195219"
"+1 847-387-3803","US","office","+18473873803"
"+1 855-954-7843","US","office","+18559547843"
"+1 856-318-1399","US","office","+18563181399"
"+1 856-507-1700","US","office","+18565071700"
"+1 860-628-7776","US","office","+18606287776"
"+1 562-596-1061","US","office","+15625961061"
"+1 562-961-3668","US","office","+15629613668"
"+1 563-239-9039","US","office","+15632399039"
"+1 563-584-3444","US","office","+15635843444"
"+1 570-963-5477","US","office","+15709635477"
"+1 573-443-0075","US","office","+15734430075"
"+1 601-707-5676","US","office","+16017075676"
"+1 605-428-3899","US","office","+16054283899"
"+1 605-755-1000","US","office","+16057551000"
"+1 608-756-3737","US","office","+16087563737"
"+1 608-819-6544","US","other","+16088196544"
"+1 501-228-8828","US","office","+15012288828"
"+1 501-779-8554","US","office","+15017798554"
"+1 503-941-5473","US","office","+15039415473"
"+1 504-702-8991","US","office","+15047028991"
"+1 505-398-9430","US","office","+15053989430"
"+1 505-433-3072","US","office","+15054333072"
"+1 234-867-7965","US","office","+12348677965"
"+1 251-435-2400","US","office","+12514352400"
"+1 253-267-5114","US","office","+12532675114"
"+1 269-341-7788","US","office","+12693417788"
"+1 270-933-1000","US","office","+12709331000"
"+1 281-479-7979","US","office","+12814797979"
"+1 608-837-4646","US","office","+16088374646"
"+1 610-433-0011","US","office","+16104330011"
"+1 614-255-3400","US","office","+16142553400"
"+1 614-813-3982","US","office","+16148133982"
"+1 630-402-0554","US","office","+16304020554"
"+1 651-773-9901","US","office","+16517739901"
"+1 304-845-3394","US","office","+13048453394"
"+1 305-223-3577","US","office","+13052233577"
"+1 305-705-2300","US","office","+13057052300"
"+1 305-860-0717","US","office","+13058600717"
"+1 305-933-6930","US","office","+13059336930"
"+1 307-771-2100","US","office","+13077712100"
"+1 312-202-9000","US","office","+13122029000"
"+1 312-915-0195","US","office","+13129150195"
"+1 313-449-8304","US","office","+13134498304"
"+1 281-359-9911","US","office","+12813599911"
"+1 301-493-4334","US","office","+13014934334"
"+1 303-671-9586","US","office","+13036719586"
"+1 304-291-3547","US","office","+13042913547"
"+1 305-456-9336","US","office","+13054569336"
"+1 310-207-7199","US","office","+13102077199"
"+1 310-271-5954","US","office","+13102715954"
"+1 319-242-6723","US","office","+13192426723"
"+1 321-972-3516","US","office","+13219723516"
"+1 331-281-0920","US","office","+13312810920"
"+1 360-836-8157","US","office","+13608368157"
"+1 385-281-9846","US","office","+13852819846"
"+1 404-343-6101","US","office","+14043436101"
"+1 405-372-1480","US","office","+14053721480"
"+1 405-673-7448","US","office","+14056737448"
"+1 407-857-5476","US","office","+14078575476"
"+1 407-907-6300","US","office","+14079076300"
"+1 407-960-2177","US","office","+14079602177"
"+1 410-602-3322","US","office","+14106023322"
"+1 410-646-8272","US","office","+14106468272"
"+1 410-823-2500","US","office","+14108232500"
"+1 413-203-5200","US","office","+14132035200"
"+1 415-383-6494","US","office","+14153836494"
"+1 415-440-6800","US","office","+14154406800"
"+1 912-920-2090","US","office","+19129202090"
"+1 931-253-1110","US","office","+19312531110"
"+1 951-461-2121","US","office","+19514612121"
"+1 952-835-9000","US","office","+19528359000"
"+1 952-920-5521","US","office","+19529205521"
"+1 954-341-8430","US","office","+19543418430"
"+1 954-345-9642","US","other","+19543459642"
"+1 954-399-8793","US","office","+19543998793"
"+1 503-772-3297","US","office","+15037723297"
"+1 504-281-4174","US","office","+15042814174"
"+1 504-475-1000","US","office","+15044751000"
"+1 505-508-2437","US","office","+15055082437"
"+1 814-234-1625","US","office","+18142341625"
"+1 815-439-9900","US","office","+18154399900"
"+1 816-333-4430","US","office","+18163334430"
"+1 818-748-3210","US","office","+18187483210"
"+1 819-243-7667","CA","office","+18192437667"
"+1 819-777-5656","CA","office","+18197775656"
"+1 843-715-2001","US","office","+18437152001"
"+1 843-936-7174","US","office","+18439367174"
"+1 509-826-5552","US","office","+15098265552"
"+1 515-270-7009","US","office","+15152707009"
"+1 515-965-5677","US","office","+15159655677"
"+1 516-277-2700","US","office","+15162772700"
"+1 531-242-4747","US","office","+15312424747"
"+1 559-421-9009","US","office","+15594219009"
"+1 561-204-5033","US","office","+15612045033"
"+1 561-409-2340","US","office","+15614092340"
"+1 785-448-5496","US","office","+17854485496"
"+1 786-238-7714","US","office","+17862387714"
"+1 786-502-2260","US","office","+17865022260"
"+1 786-571-3935","US","office","+17865713935"
"+1 801-692-1782","US","office","+18016921782"
"+1 801-797-5901","US","office","+18017975901"
"+1 801-882-2200","US","office","+18018822200"
"+1 805-526-8360","US","office","+18055268360"
"+1 812-232-5595","US","office","+18122325595"
"+1 800-544-7441","US","office","+18005447441"
"+1 845-896-3300","US","office","+18458963300"
"+1 303-893-0552","US","office","+13038930552"
"+1 503-646-5186","US","office","+15036465186"
"+1 888-668-7728","US","office","+18886687728"
"+1 888-668-7728","US","office","+18886687728"
"+1 559-448-9300","US","office","+15594489300"
"+1 561-296-5222","US","office","+15612965222"
"+1 563-421-1000","US","office","+15634211000"
"+1 573-346-9911","US","office","+15733469911"
"+1 605-755-1000","US","office","+16057551000"
"+1 608-443-7048","US","office","+16084437048"
"+1 612-260-7931","US","office","+16122607931"
"+1 614-889-2282","US","office","+16148892282"
"+1 615-790-5719","US","office","+16157905719"
"+1 615-915-3188","US","office","+16159153188"
"+1 619-445-0285","US","office","+16194450285"
"+1 630-402-0554","US","office","+16304020554"
"+1 630-544-2050","US","office","+16305442050"
"+1 631-324-5333","US","office","+16313245333"
"+1 636-204-6400","US","office","+16362046400"
"+1 647-352-3835","CA","office","+16473523835"
"+1 650-756-7579","US","office","+16507567579"
"+1 412-489-6036","US","office","+14124896036"
"+1 413-203-5200","US","office","+14132035200"
"+1 415-673-7600","US","office","+14156737600"
"+1 417-269-3000","US","office","+14172693000"
"+1 417-315-8034","US","office","+14173158034"
"+1 424-206-1596","US","office","+14242061596"
"+1 443-668-9769","US","office","+14436689769"
"+1 470-308-3793","US","office","+14703083793"
"+1 470-545-4732","US","office","+14705454732"
"+1 479-202-5048","US","office","+14792025048"
"+1 479-242-2337","US","office","+14792422337"
"+1 479-551-2800","US","office","+14795512800"
"+1 479-769-2280","US","office","+14797692280"
"+1 480-488-0444","US","office","+14804880444"
"+1 802-860-3343","US","office","+18028603343"
"+1 803-251-9400","US","office","+18032519400"
"+1 813-259-3606","US","office","+18132593606"
"+1 813-348-3700","US","office","+18133483700"
"+1 816-216-7473","US","office","+18162167473"
"+1 816-347-0026","US","office","+18163470026"
"+1 818-369-7620","US","office","+18183697620"
"+1 818-748-3210","US","office","+18187483210"
"+1 727-344-3897","US","office","+17273443897"
"+1 727-412-8208","US","office","+17274128208"
"+1 727-577-9250","US","office","+17275779250"
"+1 727-595-3400","US","office","+17275953400"
"+1 731-300-4031","US","office","+17313004031"
"+1 731-734-1021","US","office","+17317341021"
"+1 734-639-1109","US","office","+17346391109"
"+1 734-929-4328","US","office","+17349294328"
"+1 740-695-0215","US","other","+17406950215"
"+1 754-777-7380","US","office","+17547777380"
"+1 757-498-8455","US","office","+17574988455"
"+1 760-310-3903","US","office","+17603103903"
"+1 763-545-0443","US","office","+17635450443"
"+1 770-703-2990","US","office","+17707032990"
"+1 770-766-7028","US","office","+17707667028"
"+1 772-223-5885","US","office","+17722235885"
"+1 772-320-9791","US","office","+17723209791"
"+1 772-882-8545","US","office","+17728828545"
"+1 773-697-8316","US","office","+17736978316"
"+1 781-885-3169","US","office","+17818853169"
"+1 902-445-5155","CA","office","+19024455155"
"+1 904-586-2024","US","office","+19045862024"
"+1 904-746-3951","US","office","+19047463951"
"+1 904-834-3440","US","office","+19048343440"
"+1 905-828-4653","CA","office","+19058284653"
"+1 908-638-4687","US","office","+19086384687"
"+1 910-324-4301","US","other","+19103244301"
"+1 910-424-4555","US","office","+19104244555"
"+1 912-225-9695","US","office","+19122259695"
"+1 913-766-9355","US","office","+19137669355"
"+1 914-305-6422","US","office","+19143056422"
"+1 914-666-2048","US","office","+19146662048"
"+1 918-494-8300","US","office","+19184948300"
"+1 918-994-6363","US","office","+19189946363"
"+1 918-994-9170","US","office","+19189949170"
"+1 919-469-5555","US","office","+19194695555"
"+1 847-485-2650","US","office","+18474852650"
"+1 850-837-7300","US","office","+18508377300"
"+1 855-550-2348","US","office","+18555502348"
"+1 856-241-9111","US","office","+18562419111"
"+1 856-256-4000","US","office","+18562564000"
"+1 860-236-4571","US","office","+18602364571"
"+1 860-339-5234","US","office","+18603395234"
"+1 860-495-5244","US","office","+18604955244"
"+1 863-531-3433","US","office","+18635313433"
"+1 864-520-8799","US","office","+18645208799"
"+1 865-446-7000","US","office","+18654467000"
"+1 865-453-9061","US","office","+18654539061"
"+1 888-299-4199","US","office","+18882994199"
"+1 888-668-7728","US","office","+18886687728"
"+1 888-808-2348","US","office","+18888082348"
"+1 901-678-2000","US","office","+19016782000"
"+1 770-514-2020","US","office","+17705142020"
"+1 770-558-9773","US","office","+17705589773"
"+1 770-703-2990","US","office","+17707032990"
"+1 772-223-5885","US","office","+17722235885"
"+1 772-882-8545","US","office","+17728828545"
"+1 772-978-5151","US","office","+17729785151"
"+1 773-529-5277","US","office","+17735295277"
"+1 774-202-4688","US","office","+17742024688"
"+1 781-284-6677","US","office","+17812846677"
"+1 781-616-3313","US","office","+17816163313"
"+1 785-448-5496","US","office","+17854485496"
"+1 786-294-0447","US","office","+17862940447"
"+1 786-571-3935","US","office","+17865713935"
"+1 786-701-8106","US","office","+17867018106"
"+1 786-966-7878","US","office","+17869667878"
"+1 800-313-7208","US","office","+18003137208"
"+1 800-315-5939","US","office","+18003155939"
"+1 800-576-4377","US","office","+18005764377"
"+1 800-831-4004","US","office","+18008314004"
"+1 800-867-1218","US","office","+18008671218"
"+1 801-475-4300","US","office","+18014754300"
"+1 801-692-1782","US","office","+18016921782"
"+1 801-797-5901","US","office","+18017975901"
"+1 505-984-8830","US","office","+15059848830"
"+1 505-994-4215","US","office","+15059944215"
"+1 507-285-5505","US","office","+15072855505"
"+1 512-487-5178","US","office","+15124875178"
"+1 514-288-8221","CA","office","+15142888221"
"+1 514-745-2837","CA","office","+15147452837"
"+1 515-644-2074","US","office","+15156442074"
"+1 515-987-5188","US","office","+15159875188"
"+1 519-642-7800","CA","office","+15196427800"
"+1 520-749-1099","US","office","+15207491099"
"+1 540-885-4500","US","office","+15408854500"
"+1 559-322-4490","US","office","+15593224490"
"+1 559-421-9009","US","office","+15594219009"
"+1 559-431-3600","US","office","+15594313600"
"+1 559-445-1050","US","office","+15594451050"
"+1 651-982-2400","US","office","+16519822400"
"+1 660-262-7770","US","office","+16602627770"
"+1 662-756-4000","US","office","+16627564000"
"+1 678-282-0051","US","office","+16782820051"
"+1 678-691-8926","US","office","+16786918926"
"+1 702-324-6583","US","office","+17023246583"
"+1 703-740-8333","US","office","+17037408333"
"+1 704-448-0206","US","office","+17044480206"
"+1 704-662-0946","US","office","+17046620946"
"+1 704-765-9817","US","office","+17047659817"
"+1 704-997-8317","US","office","+17049978317"
"+1 712-224-3500","US","office","+17122243500"
"+1 713-523-6000","US","office","+17135236000"
"+1 713-661-5800","US","office","+17136615800"
"+1 713-993-6400","US","office","+17139936400"
"+1 717-922-5484","US","office","+17179225484"
"+1 719-447-9281","US","office","+17194479281"
"+1 720-524-3174","US","office","+17205243174"
"+1 720-536-8317","US","office","+17205368317"
"+1 724-357-2590","US","office","+17243572590"
"+1 724-873-1232","US","office","+17248731232"
"+1 318-227-4088","US","office","+13182274088"
"+1 320-257-8181","US","office","+13202578181"
"+1 321-281-8010","US","office","+13212818010"
"+1 321-300-7546","US","office","+13213007546"
"+1 321-397-1212","US","office","+13213971212"
"+1 321-972-3516","US","office","+13219723516"
"+1 323-340-1469","US","office","+13233401469"
"+1 323-403-0522","US","office","+13234030522"
"+1 323-913-0030","US","office","+13239130030"
"+1 331-281-0920","US","office","+13312810920"
"+1 334-209-2339","US","office","+13342092339"
"+1 334-737-6126","US","office","+13347376126"
"+1 336-431-0763","US","office","+13364310763"
"+1 336-448-0152","US","office","+13364480152"
"+1 352-332-7873","US","office","+13523327873"
"+1 352-554-5051","US","office","+13525545051"
"+1 401-727-1704","US","office","+14017271704"
"+1 402-280-2700","US","office","+14022802700"
"+1 404-209-7546","US","office","+14042097546"
"+1 864-540-0888","US","office","+18645400888"
"+1 866-662-3529","US","office","+18666623529"
"+1 870-206-9272","US","office","+18702069272"
"+1 870-207-7300","US","office","+18702077300"
"+1 877-721-4547","US","office","+18777214547"
"+1 888-731-0087","US","office","+18887310087"
"+1 888-905-8724","US","office","+18889058724"
"+1 901-730-0430","US","office","+19017300430"
"+1 903-791-9355","US","office","+19037919355"
"+1 904-398-6442","US","office","+19043986442"
"+1 904-586-2024","US","office","+19045862024"
"+1 904-686-7525","US","office","+19046867525"
"+1 904-746-3951","US","office","+19047463951"
"+1 910-324-4301","US","office","+19103244301"
"+1 910-791-3200","US","office","+19107913200"
"+1 912-303-9611","US","office","+19123039611"
"+1 954-530-5448","US","office","+19545305448"
"+1 954-575-6000","US","office","+19545756000"
"+1 954-796-0005","US","office","+19547960005"
"+1 954-990-0302","US","office","+19549900302"
"+1 978-443-8637","US","office","+19784438637"
"+1 978-863-9808","US","office","+19788639808"
"+1 985-219-7546","US","office","+19852197546"
"+1 251-435-2400","US","office","+12514352400"
"+1 310-937-2007","US","office","+13109372007"
"+1 334-887-1180","US","office","+13348871180"
"+1 407-857-5476","US","office","+14078575476"
"+1 410-646-8272","US","office","+14106468272"
"+1 412-206-0941","US","office","+14122060941"
"+1 415-392-3333","US","office","+14153923333"
"+1 443-668-9769","US","other","+14436689769"
"+1 512-524-7608","US","office","+15125247608"
"+1 540-536-8000","US","office","+15405368000"
"+1 586-737-0660","US","other","+15867370660"
"+1 719-598-0777","US","office","+17195980777"
"+1 720-536-8317","US","office","+17205368317"
"+1 716-276-3491","US","office","+17162763491"
"+1 717-232-6310","US","office","+17172326310"
"+1 719-231-4885","US","office","+17192314885"
"+1 720-524-3174","US","office","+17205243174"
"+1 724-542-4966","US","other","+17245424966"
"+1 727-388-6982","US","office","+17273886982"
"+1 727-412-8208","US","office","+17274128208"
"+1 727-474-2225","US","office","+17274742225"
"+1 727-550-0855","US","office","+17275500855"
"+1 727-595-3400","US","office","+17275953400"
"+1 727-683-0894","US","office","+17276830894"
"+1 734-639-1109","US","office","+17346391109"
"+1 734-780-7070","US","office","+17347807070"
"+1 734-929-4328","US","office","+17349294328"
"+1 757-664-6510","US","office","+17576646510"
"+1 760-310-3903","US","office","+17603103903"
"+1 763-476-0202","US","office","+17634760202"
"+1 763-531-1000","US","office","+17635311000"
"+1 770-458-0025","US","office","+17704580025"
"+1 401-637-7880","US","office","+14016377880"
"+1 402-445-0384","US","office","+14024450384"
"+1 402-571-6630","US","office","+14025716630"
"+1 405-372-1480","US","office","+14053721480"
"+1 405-378-2226","US","office","+14053782226"
"+1 405-793-8746","US","office","+14057938746"
"+1 406-894-2034","US","office","+14068942034"
"+1 407-217-6308","US","office","+14072176308"
"+1 407-569-2639","US","office","+14075692639"
"+1 407-601-6266","US","office","+14076016266"
"+1 410-266-8604","US","office","+14102668604"
"+1 410-582-9505","US","office","+14105829505"
"+1 410-772-0600","US","office","+14107720600"
"+1 203-355-2666","US","office","+12033552666"
"+1 205-387-9337","US","office","+12053879337"
"+1 205-861-2546","US","office","+12058612546"
"+1 206-332-1873","US","office","+12063321873"
"+1 209-551-1888","US","office","+12095511888"
"+1 210-259-8432","US","office","+12102598432"
"+1 210-481-4227","US","office","+12104814227"
"+1 210-494-8446","US","office","+12104948446"
"+1 212-213-3196","US","office","+12122133196"
"+1 213-528-3132","US","office","+12135283132"
"+1 214-964-0860","US","office","+12149640860"
"+1 215-968-0600","US","office","+12159680600"
"+1 217-224-5104","US","office","+12172245104"
"+1 217-403-1790","US","office","+12174031790"
"+1 217-679-3598","US","office","+12176793598"
"+1 217-762-3839","US","office","+12177623839"
"+1 218-301-0244","US","office","+12183010244"
"+1 225-364-2257","US","office","+12253642257"
"+1 225-408-7515","US","office","+12254087515"
"+1 225-490-9090","US","office","+12254909090"
"+1 225-767-0646","US","office","+12257670646"
"+1 931-572-0089","US","office","+19315720089"
"+1 951-274-7900","US","office","+19512747900"
"+1 951-461-2121","US","office","+19514612121"
"+1 951-506-1040","US","office","+19515061040"
"+1 952-456-7650","US","office","+19524567650"
"+1 952-476-0304","US","office","+19524760304"
"+1 952-479-0603","US","office","+19524790603"
"+1 952-920-5521","US","office","+19529205521"
"+1 954-404-7695","US","office","+19544047695"
"+1 954-575-6000","US","office","+19545756000"
"+1 954-763-2998","US","office","+19547632998"
"+1 954-800-3897","US","office","+19548003897"
"+1 972-685-2917","US","office","+19726852917"
"+1 978-630-5114","US","office","+19786305114"
"+1 203-265-7880","US","office","+12032657880"
"+1 417-269-3000","US","office","+14172693000"
"+1 423-756-7134","US","office","+14237567134"
"+1 425-572-5454","US","office","+14255725454"
"+1 425-831-7782","US","other","+14258317782"
"+1 479-575-4646","US","office","+14795754646"
"+1 479-756-0900","US","office","+14797560900"
"+1 479-876-8111","US","office","+14798768111"
"+1 479-922-9355","US","office","+14799229355"
"+1 480-454-4188","US","office","+14804544188"
"+1 480-488-0444","US","office","+14804880444"
"+1 480-948-2878","US","office","+14809482878"
"+1 484-704-7612","US","office","+14847047612"
"+1 501-382-8400","US","office","+15013828400"
"+1 501-794-6123","US","office","+15017946123"
"+1 225-456-2620","US","office","+12254562620"
"+1 225-490-9090","US","office","+12254909090"
"+1 231-747-9778","US","other","+12317479778"
"+1 239-275-1015","US","office","+12392751015"
"+1 239-277-9999","US","office","+12392779999"
"+1 239-540-9918","US","office","+12395409918"
"+1 239-846-7546","US","office","+12398467546"
"+1 240-448-3295","US","office","+12404483295"
"+1 240-808-0013","US","office","+12408080013"
"+1 250-381-9828","CA","office","+12503819828"
"+1 252-527-3636","US","office","+12525273636"
"+1 252-744-2393","US","office","+12527442393"
"+1 256-350-6363","US","office","+12563506363"
"+1 256-722-0555","US","office","+12567220555"
"+1 262-375-4577","US","office","+12623754577"
"+1 262-746-2022","US","office","+12627462022"
"+1 262-746-5200","US","office","+12627465200"
"+1 267-483-5012","US","office","+12674835012"
"+1 269-588-1500","US","office","+12695881500"
"+1 270-557-7809","US","office","+12705577809"
"+1 662-377-3000","US","office","+16623773000"
"+1 682-252-4808","US","office","+16822524808"
"+1 702-257-9009","US","office","+17022579009"
"+1 702-586-3103","US","office","+17025863103"
"+1 702-705-7546","US","office","+17027057546"
"+1 703-457-1040","US","office","+17034571040"
"+1 704-237-4437","US","office","+17042374437"
"+1 704-655-8988","US","office","+17046558988"
"+1 704-721-6722","US","office","+17047216722"
"+1 713-661-5800","US","office","+17136615800"
"+1 713-847-9400","US","office","+17138479400"
"+1 202-939-2577","US","office","+12029392577"
"+1 205-387-9337","US","office","+12053879337"
"+1 205-420-8043","US","office","+12054208043"
"+1 205-980-7772","US","office","+12059807772"
"+1 207-288-3121","US","office","+12072883121"
"+1 209-532-1202","US","other","+12095321202"
"+1 209-941-7200","US","office","+12099417200"
"+1 210-481-4227","US","office","+12104814227"
"+1 210-999-5757","US","office","+12109995757"
"+1 214-964-0860","US","office","+12149640860"
"+1 217-442-0563","US","office","+12174420563"
"+1 225-255-2963","US","office","+12252552963"
"+1 818-906-3030","US","office","+18189063030"
"+1 828-266-1110","US","office","+18282661110"
"+1 828-631-0232","US","office","+18286310232"
"+1 843-225-6622","US","office","+18432256622"
"+1 843-264-7973","US","office","+18432647973"
"+1 843-875-4588","US","office","+18438754588"
"+1 843-936-7174","US","office","+18439367174"
"+1 844-645-5772","US","office","+18446455772"
"+1 847-387-3610","US","office","+18473873610"
"+1 850-309-0356","US","office","+18503090356"
"+1 850-727-5088","US","office","+18507275088"
"+1 850-765-1190","US","office","+18507651190"
"+1 855-456-3030","US","office","+18554563030"
"+1 859-977-8862 ext. 10","US","office","+18599778862x10"
"+1 860-495-5244","US","office","+18604955244"
"+1 860-701-9111","US","office","+18607019111"
"+1 863-531-3433","US","office","+18635313433"
"+1 864-520-8799","US","office","+18645208799"
"+1 563-421-1000","US","office","+15634211000"
"+1 563-556-6496","US","office","+15635566496"
"+1 570-675-2600","US","office","+15706752600"
"+1 573-449-2606","US","office","+15734492606"
"+1 573-874-3235","US","office","+15738743235"
"+1 575-513-7696","US","office","+15755137696"
"+1 575-630-0515","US","office","+15756300515"
"+1 575-652-4111","US","office","+15756524111"
"+1 602-953-1111","US","office","+16029531111"
"+1 603-228-9622","US","office","+16032289622"
"+1 603-778-7311","US","office","+16037787311"
"+1 604-224-2639","CA","office","+16042242639"
"+1 608-443-7048","US","office","+16084437048"
"+1 608-785-8000","US","office","+16087858000"
"+1 609-584-7600","US","office","+16095847600"
"+1 609-878-3837","US","office","+16098783837"
"+1 480-684-2582","US","office","+14806842582"
"+1 480-844-9600","US","office","+14808449600"
"+1 484-704-7612","US","office","+14847047612"
"+1 501-771-0445","US","office","+15017710445"
"+1 501-781-0772","US","office","+15017810772"
"+1 501-904-5196","US","office","+15019045196"
"+1 503-244-7717","US","office","+15032447717"
"+1 503-303-4078","US","office","+15033034078"
"+1 503-372-5913","US","office","+15033725913"
"+1 503-390-1065","US","office","+15033901065"
"+1 503-564-8708","US","office","+15035648708"
"+1 503-692-2888","US","office","+15036922888"
"+1 503-713-5543","US","office","+15037135543"
"+1 504-267-0562","US","office","+15042670562"
"+1 504-533-9021","US","office","+15045339021"
"+1 505-225-7040","US","office","+15052257040"
"+1 505-312-8442","US","office","+15053128442"
"+1 505-323-8100","US","office","+15053238100"
"+1 505-508-3557","US","office","+15055083557"
"+1 505-821-1960","US","office","+15058211960"
"+1 505-891-4510","US","office","+15058914510"
"+1 228-731-3570","US","office","+12287313570"
"+1 239-332-2388","US","office","+12393322388"
"+1 239-791-7867","US","office","+12397917867"
"+1 248-335-7200","US","office","+12483357200"
"+1 256-808-2929","US","office","+12568082929"
"+1 262-646-4727","US","office","+12626464727"
"+1 262-650-8000","US","office","+12626508000"
"+1 267-483-5012","US","office","+12674835012"
"+1 270-534-5641","US","office","+12705345641"
"+1 281-599-3100","US","office","+12815993100"
"+1 281-810-9083","US","office","+12818109083"
"+1 301-417-4975","US","office","+13014174975"
"+1 301-656-6398","US","office","+13016566398"
"+1 301-983-3745","US","office","+13019833745"
"+1 303-494-5000","US","office","+13034945000"
"+1 608-785-8000","US","office","+16087858000"
"+1 610-750-1110","US","office","+16107501110"
"+1 610-834-8533","US","office","+16108348533"
"+1 610-993-9933","US","office","+16109939933"
"+1 614-824-2639","US","office","+16148242639"
"+1 615-265-8628","US","office","+16152658628"
"+1 615-432-2579","US","office","+16154322579"
"+1 615-790-5719","US","office","+16157905719"
"+1 619-299-9853","US","office","+16192999853"
"+1 619-303-2201","US","office","+16193032201"
"+1 619-445-0285","US","office","+16194450285"
"+1 619-546-9855","US","office","+16195469855"
"+1 630-537-1187","US","office","+16305371187"
"+1 630-690-0887","US","office","+16306900887"
"+1 630-717-5760","US","office","+16307175760"
"+1 631-393-6669","US","office","+16313936669"
"+1 636-375-3777","US","office","+16363753777"
"+1 647-352-3835","CA","office","+16473523835"
"+1 650-325-9690","US","office","+16503259690"
"+1 651-330-5253","US","office","+16513305253"
"+1 305-309-2882","US","office","+13053092882"
"+1 305-381-0485","US","office","+13053810485"
"+1 305-397-8974","US","office","+13053978974"
"+1 305-662-2083","US","office","+13056622083"
"+1 305-692-9154","US","office","+13056929154"
"+1 305-698-4000","US","office","+13056984000"
"+1 305-948-4701","US","office","+13059484701"
"+1 309-685-1950","US","other","+13096851950"
"+1 310-784-1817","US","office","+13107841817"
"+1 310-829-2227","US","other","+13108292227"
"+1 312-265-0518","US","office","+13122650518"
"+1 312-643-1333","US","office","+13126431333"
"+1 312-722-6977","US","office","+13127226977"
"+1 313-344-1272","US","office","+13133441272"
"+1 314-270-3813","US","office","+13142703813"
"+1 314-376-4240","US","office","+13143764240"
"+1 314-394-1867","US","office","+13143941867"
"+1 314-896-3376","US","office","+13148963376"
"+1 314-942-7514","US","office","+13149427514"
"+1 276-525-1693","US","office","+12765251693"
"+1 281-206-0013","US","office","+12812060013"
"+1 281-747-7033","US","office","+12817477033"
"+1 281-810-9083","US","office","+12818109083"
"+1 281-819-1565","US","office","+12818191565"
"+1 301-417-4975","US","office","+13014174975"
"+1 303-494-5000","US","office","+13034945000"
"+1 305-381-8837","US","office","+13053818837"
"+1 305-506-2223","US","office","+13055062223"
"+1 305-705-2300","US","office","+13057052300"
"+1 305-859-1321","US","office","+13058591321"
"+1 305-860-0717","US","office","+13058600717"
"+1 305-863-1888","US","office","+13058631888"
"+1 310-204-1980","US","office","+13102041980"
"+1 310-829-2227","US","office","+13108292227"
"+1 312-239-8282","US","office","+13122398282"
"+1 313-449-8304","US","office","+13134498304"
"+1 314-270-3813","US","office","+13142703813"
"+1 314-786-5389","US","office","+13147865389"
"+1 315-312-2500","US","office","+13153122500"
"+1 318-816-4949","US","office","+13188164949"
"+1 319-200-2061","US","office","+13192002061"
"+1 319-499-1548","US","office","+13194991548"
"+1 319-665-2548","US","office","+13196652548"
"+1 320-257-8181","US","office","+13202578181"
"+1 321-300-7546","US","office","+13213007546"
"+1 323-739-9138","US","office","+13237399138"
"+1 330-487-0810","US","office","+13304870810"
"+1 334-213-3606","US","office","+13342133606"
"+1 334-730-4330","US","other","+13347304330"
"+1 334-887-1180","US","office","+13348871180"
"+1 336-448-0152","US","office","+13364480152"
"+1 337-534-8556","US","office","+13375348556"
"+1 347-240-5141","US","office","+13472405141"
"+1 352-554-5051","US","office","+13525545051"
"+1 385-388-8600","US","office","+13853888600"
"+1 386-445-2508","US","office","+13864452508"
"+1 405-324-2179","US","office","+14053242179"
"+1 405-437-1666","US","office","+14054371666"
"+1 405-793-8746","US","office","+14057938746"
"+1 405-810-5944","US","office","+14058105944"
"+1 405-849-5622","US","office","+14058495622"
"+1 406-216-2066","US","office","+14062162066"
"+1 406-534-2760","US","office","+14065342760"
"+1 406-727-7325","US","office","+14067277325"
"+1 407-237-9760","US","office","+14072379760"
"+1 407-442-3313","US","office","+14074423313"
"+1 407-478-9797","US","office","+14074789797"
"+1 407-569-2639","US","office","+14075692639"
"+1 410-332-0906","US","office","+14103320906"
"+1 410-379-1330","US","office","+14103791330"
"+1 410-582-9505","US","office","+14105829505"
"+1 410-939-4341","US","office","+14109394341"
"+1 412-276-7905","US","office","+14122767905"
"+1 412-489-6036","US","office","+14124896036"
"+1 414-453-5425","US","office","+14144535425"
"+1 415-392-3333","US","office","+14153923333"
"+1 913-451-3722","US","office","+19134513722"
"+1 913-681-6200","US","office","+19136816200"
"+1 913-766-9355","US","office","+19137669355"
"+1 914-305-6422","US","office","+19143056422"
"+1 914-666-2048","US","office","+19146662048"
"+1 916-406-0000","US","office","+19164060000"
"+1 916-647-3935","US","office","+19166473935"
"+1 916-780-2021","US","office","+19167802021"
"+1 918-994-6363","US","office","+19189946363"
"+1 918-994-9170","US","office","+19189949170"
"+1 919-256-0900","US","office","+19192560900"
"+1 919-342-0454","US","office","+19193420454"
"+1 919-957-5900","US","office","+19199575900"
"+1 952-460-1970","US","office","+19524601970"
"+1 954-391-8203","US","office","+19543918203"
"+1 954-404-7695","US","office","+19544047695"
"+1 502-893-4024","US","office","+15028934024"
"+1 503-236-4654","US","office","+15032364654"
"+1 503-244-7717","US","office","+15032447717"
"+1 503-372-5913","US","office","+15033725913"
"+1 503-393-1080","US","office","+15033931080"
"+1 503-427-0269","US","office","+15034270269"
"+1 503-494-8311","US","office","+15034948311"
"+1 503-646-5186","US","office","+15036465186"
"+1 503-692-2888","US","office","+15036922888"
"+1 503-852-9680","US","office","+15038529680"
"+1 503-941-5473","US","office","+15039415473"
"+1 503-946-3888","US","office","+15039463888"
"+1 505-323-8100","US","office","+15053238100"
"+1 505-433-3072","US","office","+15054333072"
"+1 505-872-3348","US","office","+15058723348"
"+1 505-984-8830","US","office","+15059848830"
"+1 505-994-4215","US","office","+15059944215"
"+1 507-222-4000","US","office","+15072224000"
"+1 813-284-0954","US","office","+18132840954"
"+1 813-348-1373","US","office","+18133481373"
"+1 813-807-7200","US","office","+18138077200"
"+1 815-730-1880","US","office","+18157301880"
"+1 816-216-7473","US","office","+18162167473"
"+1 816-246-1122","US","office","+18162461122"
"+1 816-347-0026","US","office","+18163470026"
"+1 816-359-3310","US","office","+18163593310"
"+1 817-225-2929","US","office","+18172252929"
"+1 818-308-7382","US","office","+18183087382"
"+1 818-369-7620","US","office","+18183697620"
"+1 818-889-3634","US","office","+18188893634"
"+1 828-266-1110","US","office","+18282661110"
"+1 833-333-9473","US","office","+18333339473"
"+1 843-342-2609","US","office","+18433422609"
"+1 843-875-4588","US","office","+18438754588"
"+1 844-645-5772","US","office","+18446455772"
"+1 507-266-4688","US","office","+15072664688"
"+1 507-934-4840","US","office","+15079344840"
"+1 508-528-8900","US","office","+15085288900"
"+1 508-625-2098","US","office","+15086252098"
"+1 508-854-1343","US","other","+15088541343"
"+1 509-467-3488","US","office","+15094673488"
"+1 509-638-0555","US","office","+15096380555"
"+1 512-275-6448","US","office","+15122756448"
"+1 512-524-7608","US","office","+15125247608"
"+1 516-775-5545","US","office","+15167755545"
"+1 540-536-8000","US","office","+15405368000"
"+1 559-271-9400","US","office","+15592719400"
"+1 559-876-6300","US","office","+15598766300"
"+1 561-203-9693","US","office","+15612039693"
"+1 561-409-3128","US","office","+15614093128"
"+1 561-631-7994","US","office","+15616317994"
"+1 561-802-0111","US","office","+15618020111"
"+1 781-924-1257","US","office","+17819241257"
"+1 786-701-8106","US","office","+17867018106"
"+1 786-706-6520","US","office","+17867066520"
"+1 786-953-4031","US","office","+17869534031"
"+1 786-953-5752","US","office","+17869535752"
"+1 800-210-2370","US","office","+18002102370"
"+1 800-867-1218","US","office","+18008671218"
"+1 801-857-7447","US","office","+18018577447"
"+1 801-872-7000","US","office","+18018727000"
"+1 801-987-8786","US","office","+18019878786"
"+1 803-251-9400","US","office","+18032519400"
"+1 805-919-8485","US","office","+18059198485"
"+1 800-315-5939","US","office","+18003155939"
"+1 800-576-4377","US","office","+18005764377"
"+1 815-730-1880","US","office","+18157301880"
"+1 844-548-2100","US","office","+18445482100"
"+1 905-458-7364","CA","office","+19054587364"
"+1 912-384-1781","US","office","+19123841781"
"+1 916-406-0000","US","office","+19164060000"
"+1 412-206-0941","US","office","+14122060941"
"+1 720-536-8317","US","office","+17205368317"
"+1 800-315-5939","US","office","+18003155939"
"+1 877-721-4547","US","office","+18777214547"
"+1 323-928-2911","US","office","+13239282911"
"+1 800-544-7441","US","office","+18005447441"
"+1 800-544-7441","US","office","+18005447441"
"+1 800-544-7441","US","office","+18005447441"
"+1 800-544-7441","US","office","+18005447441"
"+1 800-544-7441","US","office","+18005447441"
"+1 800-544-7441","US","office","+18005447441"
"+1 802-872-8800","US","office","+18028728800"
"+1 470-253-7143","US","office","+14702537143"
"+1 561-203-9693","US","office","+15612039693"
"+1 561-631-7994","US","office","+15616317994"
"+1 561-802-0111","US","office","+15618020111"
"+1 561-877-5300","US","office","+15618775300"
"+1 562-205-8472","US","office","+15622058472"
"+1 562-448-2082","US","office","+15624482082"
"+1 563-556-6496","US","office","+15635566496"
"+1 563-583-8256","US","office","+15635838256"
"+1 563-584-3444","US","office","+15635843444"
"+1 573-693-1851","US","office","+15736931851"
"+1 573-882-8333","US","office","+15738828333"
"+1 575-437-4533","US","office","+15754374533"
"+1 586-778-5222","US","office","+15867785222"
"+1 603-527-8233","US","office","+16035278233"
"+1 604-526-5196","CA","office","+16045265196"
"+1 608-278-8118","US","other","+16082788118"
"+1 608-756-3737","US","office","+16087563737"
"+1 610-434-3343","US","office","+16104343343"
"+1 610-993-9933","US","office","+16109939933"
"+1 613-205-0788","CA","office","+16132050788"
"+1 614-488-0004","US","office","+16144880004"
"+1 614-813-3982","US","office","+16148133982"
"+1 614-824-2639","US","office","+16148242639"
"+1 617-698-0260","US","office","+16176980260"
"+1 617-770-1115","US","office","+16177701115"
"+1 617-936-4346","US","office","+16179364346"
"+1 619-299-9853","US","office","+16192999853"
"+1 619-546-9855","US","office","+16195469855"
"+1 619-872-2593","US","office","+16198722593"
"+1 620-340-6300","US","office","+16203406300"
"+1 626-796-6011","US","office","+16267966011"
"+1 630-208-1920","US","office","+16302081920"
"+1 630-260-6060","US","office","+16302606060"
"+1 630-537-1187","US","office","+16305371187"
"+1 630-907-9600","US","office","+16309079600"
"+1 631-393-6669","US","office","+16313936669"
"+1 631-604-5445","US","office","+16316045445"
"+1 647-245-8544","CA","office","+16472458544"
"+1 412-206-0941","US","other","+14122060941"
"+1 412-248-7777","US","office","+14122487777"
"+1 412-922-1818","US","office","+14129221818"
"+1 415-392-3333","US","office","+14153923333"
"+1 415-781-9200","US","office","+14157819200"
"+1 417-622-4164","US","office","+14176224164"
"+1 417-626-7040","US","office","+14176267040"
"+1 423-643-9642","US","office","+14236439642"
"+1 435-213-9245","US","office","+14352139245"
"+1 450-681-1009","CA","office","+14506811009"
"+1 479-648-1107","US","office","+14796481107"
"+1 805-382-0111","US","office","+18053820111"
"+1 805-526-8360","US","office","+18055268360"
"+1 805-781-8181","US","office","+18057818181"
"+1 810-673-3355","US","office","+18106733355"
"+1 813-348-1373","US","office","+18133481373"
"+1 813-450-1939","US","office","+18134501939"
"+1 813-749-0918","US","office","+18137490918"
"+1 813-874-7674","US","office","+18138747674"
"+1 816-246-1122","US","office","+18162461122"
"+1 816-325-3132","US","office","+18163253132"
"+1 816-359-3310","US","office","+18163593310"
"+1 816-364-1623","US","office","+18163641623"
"+1 816-946-8484","US","office","+18169468484"
"+1 817-225-2929","US","office","+18172252929"
"+1 817-598-9100","US","office","+18175989100"
